Geo Shape;NOM_ARRET;ID_PROJET;NOM_PROJET;ID_OPERATI;OPERATION;NATURE;MODE_;SOUS_MODE;INDICE;COR_EXIST;TERMINUS;PHASE;VARIANTE;CREATION;PROLONG;AMELIOR;STATUT;DUP;DUP_DATE;OPENDATA;geo_point_2d
"{""type"": ""Point"", ""coordinates"": [2.257515004584036, 48.72472914443167]}";Massy - Palaiseau;318;Tram 12;31801;Tram-Train Massy - Evry;arrêt;3;32;12;1;1;1;;1;0;0;9;1;2013-08-22T02:00:00+02:00;1;48.7247291444,2.25751500458
"{""type"": ""Point"", ""coordinates"": [2.050840011911374, 48.86794748422768]}";Saint-Nom-la-Bretèche - Forêt de Marly;319;Tram 13;31901;Grande Ceinture Ouest;arrêt;3;32;13;1;0;1;;1;0;0;9;1;2014-02-03T01:00:00+01:00;1;48.8679474842,2.05084001191
"{""type"": ""Point"", ""coordinates"": [2.078427726972373, 48.9705389968461]}";Achères-Ville RER;319;Tram 13;31902;Tangentielle Ouest (Phase 2);arrêt;3;32;13;1;1;2;;0;1;0;7;0;;1;48.9705389968,2.07842772697
"{""type"": ""Point"", ""coordinates"": [2.076641264487425, 48.949380191194535]}";Achères - Chêne-Feuillu;319;Tram 13;31902;Tangentielle Ouest (Phase 2);arrêt;3;32;13;0;0;2;;0;1;0;7;0;;1;48.9493801912,2.07664126449
"{""type"": ""Point"", ""coordinates"": [2.061076225774677, 48.841428765319364]}";Noisy-le-roi;319;Tram 13;31901;Grande Ceinture Ouest;arrêt;3;32;13;1;0;1;;1;0;0;9;1;2014-02-03T01:00:00+01:00;1;48.8414287653,2.06107622577
"{""type"": ""Point"", ""coordinates"": [2.380735606395094, 48.91371054554959]}";Mairie d'Aubervilliers;110;metro 12;11001;ligne 12 à Mairie d'Aubervilliers;arrêt;1;11;12;0;1;2;;0;1;0;9;1;2004-06-08T02:00:00+02:00;1;48.9137105455,2.3807356064
"{""type"": ""Point"", ""coordinates"": [2.077486170653509, 48.80737920155234]}";Les Portes de Saint-Cyr;319;Tram 13;31901;Tangentielle Ouest (Phase 1);arrêt;3;32;13;0;0;1;;1;0;0;9;1;2014-02-03T01:00:00+01:00;1;48.8073792016,2.07748617065
"{""type"": ""Point"", ""coordinates"": [2.459700070144241, 48.89729747595228]}";Noisy-le-Sec;317;Tram 11;31702;Tangentielle Nord : Le Bourget - Noisy-le-Sec (Phase 2);arrêt;3;32;11;1;1;2;;1;0;0;7;1;2008-05-27T02:00:00+02:00;1;48.897297476,2.45970007014
"{""type"": ""Point"", ""coordinates"": [2.335359426259653, 48.67063926645664]}";Epinay;318;Tram 12;31801;Tram-Train Massy - Evry;arrêt;3;32;12;1;0;1;;1;0;0;9;1;2013-08-22T02:00:00+02:00;1;48.6706392665,2.33535942626
"{""type"": ""Point"", ""coordinates"": [2.436398062869576, 48.89870303252062]}";Bobigny - La Folie;317;Tram 11;31702;Tangentielle Nord : Le Bourget - Noisy-le-Sec (Phase 2);arrêt;3;32;11;0;0;2;;1;0;0;7;1;2008-05-27T02:00:00+02:00;1;48.8987030325,2.43639806287
"{""type"": ""Point"", ""coordinates"": [2.428314221420966, 48.91567801506256]}";Drancy-Bobigny;317;Tram 11;31702;Tangentielle Nord : Le Bourget - Noisy-le-Sec (Phase 2);arrêt;3;32;11;1;0;2;;1;0;0;7;1;2008-05-27T02:00:00+02:00;1;48.9156780151,2.42831422142
"{""type"": ""Point"", ""coordinates"": [2.489779906795019, 48.85484532349485]}";Gare RER - Val de Fontenay;302;Tram 01 - VDF;30201;T1 Est : Noisy-Le-Sec - Val de Fontenay;arrêt;3;31;1;1;1;1;;0;1;0;9;1;2014-02-17T01:00:00+01:00;1;48.8548453235,2.4897799068
"{""type"": ""Point"", ""coordinates"": [2.07296645001298, 48.798778200412904]}";Saint-Cyr;319;Tram 13;31901;Tangentielle Ouest (Phase 1);arrêt;3;32;13;1;1;1;;1;0;0;9;1;2014-02-03T01:00:00+01:00;1;48.7987782004,2.07296645001
"{""type"": ""Point"", ""coordinates"": [2.481912892726974, 48.86142603555179]}";Victor Hugo;302;Tram 01 - VDF;30201;T1 Est : Noisy-Le-Sec - Val de Fontenay;arrêt;3;31;1;0;0;1;;0;1;0;9;1;2014-02-17T01:00:00+01:00;1;48.8614260356,2.48191289273
"{""type"": ""Point"", ""coordinates"": [2.373850621093473, 48.65901888279667]}";Viry - Chatillon;318;Tram 12;31801;Tram-Train Massy - Evry;arrêt;3;32;12;0;0;1;;1;0;0;9;1;2013-08-22T02:00:00+02:00;1;48.6590188828,2.37385062109
"{""type"": ""Point"", ""coordinates"": [2.457742002004044, 48.86715158128736]}";Rue de Rosny;302;Tram 01 - VDF;30201;T1 Est : Noisy-Le-Sec - Val de Fontenay;arrêt;3;31;1;0;0;1;;0;1;0;9;1;2014-02-17T01:00:00+01:00;1;48.8671515813,2.457742002
"{""type"": ""Point"", ""coordinates"": [2.366707759865081, 48.903023781137236]}";EMGP;313;Tram 08;31302;T8 à Rosa Parks;arrêt;3;31;8;0;0;2;;0;1;0;3;0;;1;48.9030237811,2.36670775987
"{""type"": ""Point"", ""coordinates"": [2.447358159976187, 48.872916626184406]}";Route de Romainville;302;Tram 01 - VDF;30201;T1 Est : Noisy-Le-Sec - Val de Fontenay;arrêt;3;31;1;0;0;1;;0;1;0;9;1;2014-02-17T01:00:00+01:00;1;48.8729166262,2.44735815998
"{""type"": ""Point"", ""coordinates"": [2.471483454080544, 48.80013779448455]}";;206;bus Est TVM;20601;Est TVM;arrêt;2;21;;0;0;1;;1;0;0;7;1;2014-07-21T02:00:00+02:00;1;48.8001377945,2.47148345408
"{""type"": ""Point"", ""coordinates"": [2.441327984629524, 48.87841181335823]}";Collège Gustave Courbet;302;Tram 01 - VDF;30201;T1 Est : Noisy-Le-Sec - Val de Fontenay;arrêt;3;31;1;0;0;1;;0;1;0;9;1;2014-02-17T01:00:00+01:00;1;48.8784118134,2.44132798463
"{""type"": ""Point"", ""coordinates"": [2.376771315219628, 48.691213124906646]}";Place du Maréchal Leclerc;312;Tram 07;31202;T7 : Athis Mons - Juvisy (Phase 2);arrêt;3;31;7;0;0;2;;0;1;0;8;1;2013-11-27T01:00:00+01:00;1;48.6912131249,2.37677131522
"{""type"": ""Point"", ""coordinates"": [2.440756099035142, 48.88391753635459]}";Place Carnot;302;Tram 01 - VDF;30201;T1 Est : Noisy-Le-Sec - Val de Fontenay;arrêt;3;31;1;0;0;1;;0;1;0;9;1;2014-02-17T01:00:00+01:00;1;48.8839175364,2.44075609904
"{""type"": ""Point"", ""coordinates"": [2.531758476774792, 48.83272021532252]}";;206;bus Est TVM;20601;Est TVM;arrêt;2;21;;0;0;1;;1;0;0;7;1;2014-07-21T02:00:00+02:00;1;48.8327202153,2.53175847677
"{""type"": ""Point"", ""coordinates"": [2.453290247876752, 48.89044014543545]}";Place Jeanne d'Arc;302;Tram 01 - VDF;30201;T1 Est : Noisy-Le-Sec - Val de Fontenay;arrêt;3;31;1;0;0;1;1;0;1;0;9;1;2014-02-17T01:00:00+01:00;1;48.8904401454,2.45329024788
"{""type"": ""Point"", ""coordinates"": [2.274804996246745, 48.9273734013309]}";Asnières Quatre Routes;301;Tram 01 - Colombes;30103;T1 Ouest : Asnières - Colombes - Quatre routes;arrêt;3;31;1;0;1;3;;0;1;0;9;1;2015-07-07T02:00:00+02:00;1;48.9273734013,2.27480499625
"{""type"": ""Point"", ""coordinates"": [2.407576768063945, 48.62508421000366]}";Monnet;318;Tram 12;31801;Tram-Train Massy - Evry;arrêt;3;32;12;0;0;1;;1;0;0;9;1;2013-08-22T02:00:00+02:00;1;48.62508421,2.40757676806
"{""type"": ""Point"", ""coordinates"": [2.201167020977393, 48.88755240915207]}";Nanterre - La Boule;301;Tram 01 - Rueil;30105;T1 Ouest : Nanterre - Rueil;arrêt;3;31;1;0;0;3;;0;1;0;5;0;;1;48.8875524092,2.20116702098
"{""type"": ""Point"", ""coordinates"": [2.365897057698694, 48.91078708276546]}";Campus Condorcet;313;Tram 08;31302;T8 à Rosa Parks;arrêt;3;31;8;0;0;2;;0;1;0;3;0;;1;48.9107870828,2.3658970577
"{""type"": ""Point"", ""coordinates"": [2.239606895475778, 48.92489149934717]}";Ile Marante;301;Tram 01 - Colombes;30104;T1 Ouest : Asnières - Colombes;arrêt;3;31;1;0;0;4;;0;1;0;8;1;2015-07-07T02:00:00+02:00;1;48.9248914993,2.23960689548
"{""type"": ""Point"", ""coordinates"": [2.374020167837647, 48.89739227532373]}";Rosa-Parks;313;Tram 08;31302;T8 à Rosa Parks;arrêt;3;31;8;1;1;2;;0;1;0;3;0;;1;48.8973922753,2.37402016784
"{""type"": ""Point"", ""coordinates"": [2.324053283652205, 48.88253683436129]}";Rome Station réservée;114;metro 14 MSO;11402;ligne 14 - nord - phase 1 - Mairie de St-Ouen;arrêt;1;11;14;1;0;1;;0;0;0;9;1;2012-10-04T02:00:00+02:00;1;48.8825368344,2.32405328365
"{""type"": ""Point"", ""coordinates"": [2.427185577733917, 48.8813160622343]}";Serge Gainsbourg;109;metro 11 - RBP;10901;ligne 11 à Rosny-Bois-Perrier;arrêt;1;11;11;0;0;1;;0;1;0;9;1;2014-05-28T02:00:00+02:00;1;48.8813160622,2.42718557773
"{""type"": ""Point"", ""coordinates"": [2.272637936363906, 48.72343303545507]}";ZAC de la bonde;318;Tram 12;31801;Tram-Train Massy - Evry;arrêt;3;32;12;0;0;1;;1;0;0;9;1;2013-08-22T02:00:00+02:00;1;48.7234330355,2.27263793636
"{""type"": ""Point"", ""coordinates"": [2.477839327880234, 48.810490672007816]}";;206;bus Est TVM;20601;Est TVM;arrêt;2;21;;0;0;1;;1;0;0;7;1;2014-07-21T02:00:00+02:00;1;48.810490672,2.47783932788
"{""type"": ""Point"", ""coordinates"": [2.371820878843614, 48.71476652147823]}";Porte de l'Essonne;312;Tram 07;31202;T7 : Athis Mons - Juvisy (Phase 2);arrêt;3;31;7;1;1;2;1;0;1;0;8;1;2013-11-27T01:00:00+01:00;1;48.7147665215,2.37182087884
"{""type"": ""Point"", ""coordinates"": [2.476262328295014, 48.81061842416347]}";;206;bus Est TVM;20601;Est TVM;arrêt;2;21;;0;0;1;;1;0;0;7;1;2014-07-21T02:00:00+02:00;1;48.8106184242,2.4762623283
"{""type"": ""Point"", ""coordinates"": [2.370674850209237, 48.652779109693626]}";La Treille;245;TZen4;24501;TZen4 : TCSP Ligne 402;arrêt;2;22;4;0;1;1;;1;0;0;8;1;2016-12-08T01:00:00+01:00;1;48.6527791097,2.37067485021
"{""type"": ""Point"", ""coordinates"": [2.471350753991401, 48.80678692329955]}";;206;bus Est TVM;20601;Est TVM;arrêt;2;21;;1;0;1;;1;0;0;7;1;2014-07-21T02:00:00+02:00;1;48.8067869233,2.47135075399
"{""type"": ""Point"", ""coordinates"": [2.456502275743523, 48.89301336843502]}";Saint Jean;302;Tram 01 - VDF;30201;T1 Est : Noisy-Le-Sec - Val de Fontenay;arrêt;3;31;1;0;0;1;1;0;1;0;9;1;2014-02-17T01:00:00+01:00;1;48.8930133684,2.45650227574
"{""type"": ""Point"", ""coordinates"": [2.464648659163254, 48.798055931705164]}";;206;bus Est TVM;20601;Est TVM;arrêt;2;21;;0;0;1;;1;0;0;7;1;2014-07-21T02:00:00+02:00;1;48.7980559317,2.46464865916
"{""type"": ""Point"", ""coordinates"": [2.450524653651713, 48.88831917893041]}";Rue Hélène;302;Tram 01 - VDF;30201;T1 Est : Noisy-Le-Sec - Val de Fontenay;arrêt;3;31;1;0;0;1;1;0;1;0;9;1;2014-02-17T01:00:00+01:00;1;48.8883191789,2.45052465365
"{""type"": ""Point"", ""coordinates"": [2.460712482669302, 48.79347534619812]}";;206;bus Est TVM;20601;Est TVM;arrêt;2;21;;0;0;1;;1;0;0;7;1;2014-07-21T02:00:00+02:00;1;48.7934753462,2.46071248267
"{""type"": ""Point"", ""coordinates"": [2.357342377962868, 48.92973244263153]}";Saint-Denis - Porte de Paris;313;Tram 08;31302;T8 à Rosa Parks;arrêt;3;31;8;1;1;2;;0;1;0;3;0;;1;48.9297324426,2.35734237796
"{""type"": ""Point"", ""coordinates"": [2.370928221500229, 48.6926929084353]}";Observatoire;312;Tram 07;31202;T7 : Athis Mons - Juvisy (Phase 2);arrêt;3;31;7;0;0;2;;0;1;0;8;1;2013-11-27T01:00:00+01:00;1;48.6926929084,2.3709282215
"{""type"": ""Point"", ""coordinates"": [2.255501807351805, 48.933361893420376]}";Valmy;301;Tram 01 - Colombes;30104;T1 Ouest : Asnières - Colombes;arrêt;3;31;1;0;0;4;;0;1;0;8;1;2015-07-07T02:00:00+02:00;1;48.9333618934,2.25550180735
"{""type"": ""Point"", ""coordinates"": [2.078604855828836, 48.81451674695851]}";Allée Royale;319;Tram 13;31901;Tangentielle Ouest (Phase 1);arrêt;3;32;13;0;0;1;;1;0;0;9;1;2014-02-03T01:00:00+01:00;1;48.814516747,2.07860485583
"{""type"": ""Point"", ""coordinates"": [2.427594780443727, 48.624681825996966]}";Évry-Courcouronnes;318;Tram 12;31801;Tram-Train Massy - Evry;arrêt;3;32;12;1;1;1;;1;0;0;9;1;2013-08-22T02:00:00+02:00;1;48.624681826,2.42759478044
"{""type"": ""Point"", ""coordinates"": [2.307736084785955, 48.7006066740478]}";Chilly-Mazarin;318;Tram 12;31801;Tram-Train Massy - Evry;arrêt;3;32;12;1;0;1;;1;0;0;9;1;2013-08-22T02:00:00+02:00;1;48.700606674,2.30773608479
"{""type"": ""Point"", ""coordinates"": [2.254407218730192, 48.92894681719899]}";Pierre de Coubertin;301;Tram 01 - Colombes;30104;T1 Ouest : Asnières - Colombes;arrêt;3;31;1;0;0;4;;0;1;0;8;1;2015-07-07T02:00:00+02:00;1;48.9289468172,2.25440721873
"{""type"": ""Point"", ""coordinates"": [2.257023879004011, 48.80332586228166]}";Place du Garde;316;Tram 10;31601;T10 : Tramway Antony - Clamart;arrêt;3;31;10;0;1;1;;1;0;0;9;1;2016-10-11T02:00:00+02:00;1;48.8033258623,2.257023879
"{""type"": ""Point"", ""coordinates"": [2.072881973611004, 48.90318966011135]}";Lisière Pereire;319;Tram 13;31901;Grande Ceinture Ouest;arrêt;3;32;13;1;0;1;;1;0;0;9;1;2014-02-03T01:00:00+01:00;1;48.9031896601,2.07288197361
"{""type"": ""Point"", ""coordinates"": [2.317449187923372, 48.80970399753328]}";Verdun Sud;102;metro 04;10202;ligne 4 à Bagneux;arrêt;1;11;4;0;0;2;;0;1;0;10;1;;1;48.8097039975,2.31744918792
"{""type"": ""Point"", ""coordinates"": [2.380860333184451, 48.65095780889331]}";Le Damier;245;TZen4;24501;TZen4 : TCSP Ligne 402;arrêt;2;22;4;0;0;1;;1;0;0;8;1;2016-12-08T01:00:00+01:00;1;48.6509578089,2.38086033318
"{""type"": ""Point"", ""coordinates"": [2.251123672200108, 48.77877311113927]}";Parc des Sports;316;Tram 10;31601;T10 : Tramway Antony - Clamart;arrêt;3;31;10;0;0;1;;1;0;0;9;1;2016-10-11T02:00:00+02:00;1;48.7787731111,2.2511236722
"{""type"": ""Point"", ""coordinates"": [2.069939959089901, 48.894615443981984]}";Fourqueux - Bel Air;319;Tram 13;31901;Grande Ceinture Ouest;arrêt;3;32;13;1;0;1;;1;0;0;9;1;2014-02-03T01:00:00+01:00;1;48.894615444,2.06993995909
"{""type"": ""Point"", ""coordinates"": [2.232395169756267, 48.950256801616916]}";Val d'Argenteuil;317;Tram 11;31702;Tangentielle Nord : Sartrouville - Epinay (Phase 2);arrêt;3;32;11;1;0;2;;1;0;0;7;1;2008-05-27T02:00:00+02:00;1;48.9502568016,2.23239516976
"{""type"": ""Point"", ""coordinates"": [2.406943274552026, 48.63661715278083]}";Gare RER Ris-Orangis - Bois de l'Epine;245;TZen4;24501;TZen4 : TCSP Ligne 402;arrêt;2;22;4;1;0;1;;1;0;0;8;1;2016-12-08T01:00:00+01:00;1;48.6366171528,2.40694327455
"{""type"": ""Point"", ""coordinates"": [2.560099037918603, 48.89937620928801]}";Daniel Perdrigé;308;Tram 04 - CM;30802;T4 : Clichy - Montfermeil;arrêt;3;32;4;0;0;2;;0;1;0;9;1;2013-09-12T02:00:00+02:00;1;48.8993762093,2.56009903792
"{""type"": ""Point"", ""coordinates"": [2.079027567416174, 48.88088634085092]}";Mareil-Marly;319;Tram 13;31901;Grande Ceinture Ouest;arrêt;3;32;13;1;0;1;;1;0;0;9;1;2014-02-03T01:00:00+01:00;1;48.8808863409,2.07902756742
"{""type"": ""Point"", ""coordinates"": [2.2579231628862, 48.949054878593095]}";Argenteuil GC;317;Tram 11;31702;Tangentielle Nord : Sartrouville - Epinay (Phase 2);arrêt;3;32;11;1;0;2;;1;0;0;7;1;2008-05-27T02:00:00+02:00;1;48.9490548786,2.25792316289
"{""type"": ""Point"", ""coordinates"": [2.431514155607871, 48.62356200643643]}";Jean Rostand;245;TZen4;24501;TZen4 : TCSP Ligne 402;arrêt;2;22;4;0;0;1;;1;0;0;8;1;2016-12-08T01:00:00+01:00;1;48.6235620064,2.43151415561
"{""type"": ""Point"", ""coordinates"": [2.567307207676798, 48.900218736595846]}";Paul Bert;308;Tram 04 - CM;30802;T4 : Clichy - Montfermeil;arrêt;3;32;4;0;0;2;;0;1;0;9;1;2013-09-12T02:00:00+02:00;1;48.9002187366,2.56730720768
"{""type"": ""Point"", ""coordinates"": [2.383402377162207, 48.65212869296522]}";Grigny ZAC;318;Tram 12;31801;Tram-Train Massy - Evry;arrêt;3;32;12;0;0;1;;1;0;0;9;1;2013-08-22T02:00:00+02:00;1;48.652128693,2.38340237716
"{""type"": ""Point"", ""coordinates"": [2.1571763340521, 48.9376205723599]}";Sartrouville;317;Tram 11;31702;Tangentielle Nord : Sartrouville - Epinay (Phase 2);arrêt;3;32;11;1;1;2;;1;0;0;7;1;2008-05-27T02:00:00+02:00;1;48.9376205724,2.15717633405
"{""type"": ""Point"", ""coordinates"": [2.437131023338135, 48.62440361709349]}";Lisière des deux parcs;245;TZen4;24501;TZen4 : TCSP Ligne 402;arrêt;2;22;4;0;0;1;;1;0;0;8;1;2016-12-08T01:00:00+01:00;1;48.6244036171,2.43713102334
"{""type"": ""Point"", ""coordinates"": [2.207918258184149, 48.891432232674454]}";Nanterre - Mairie;301;Tram 01 - Rueil;30105;T1 Ouest : Nanterre - Rueil;arrêt;3;31;1;0;0;3;;0;1;0;5;0;;1;48.8914322327,2.20791825818
"{""type"": ""Point"", ""coordinates"": [2.194383737575738, 48.93995706962003]}";Val Notre-Dame;317;Tram 11;31702;Tangentielle Nord : Sartrouville - Epinay (Phase 2);arrêt;3;32;11;0;0;2;;1;0;0;7;1;2008-05-27T02:00:00+02:00;1;48.9399570696,2.19438373758
"{""type"": ""Point"", ""coordinates"": [2.473405139295646, 48.86215442177207]}";Côte du Nord;302;Tram 01 - VDF;30201;T1 Est : Noisy-Le-Sec - Val de Fontenay;arrêt;3;31;1;0;0;1;;0;1;0;9;1;2014-02-17T01:00:00+01:00;1;48.8621544218,2.4734051393
"{""type"": ""Point"", ""coordinates"": [2.441150869790977, 48.618965961902184]}";Place Jean Malézieux;245;TZen4;24501;TZen4 : TCSP Ligne 402;arrêt;2;22;4;0;0;1;;1;0;0;8;1;2016-12-08T01:00:00+01:00;1;48.6189659619,2.44115086979
"{""type"": ""Point"", ""coordinates"": [2.334571818887042, 48.91311992275509]}";Mairie de Saint-Ouen;114;metro 14 MSO;11402;ligne 14 - nord - phase 1 - Mairie de St-Ouen;arrêt;1;11;14;1;1;1;;0;1;0;9;1;2012-10-04T02:00:00+02:00;1;48.9131199228,2.33457181889
"{""type"": ""Point"", ""coordinates"": [2.488352828214856, 48.86043344825146]}";Faidherbe;302;Tram 01 - VDF;30201;T1 Est : Noisy-Le-Sec - Val de Fontenay;arrêt;3;31;1;0;0;1;;0;1;0;9;1;2014-02-17T01:00:00+01:00;1;48.8604334483,2.48835282821
"{""type"": ""Point"", ""coordinates"": [2.466843819798527, 48.863177223262845]}";Théophile Sueur;302;Tram 01 - VDF;30201;T1 Est : Noisy-Le-Sec - Val de Fontenay;arrêt;3;31;1;0;0;1;;0;1;0;9;1;2014-02-17T01:00:00+01:00;1;48.8631772233,2.4668438198
"{""type"": ""Point"", ""coordinates"": [2.451645820674607, 48.62356378914688]}";Gare RER - Les Bras de Fer - Génopôle;245;TZen4;24501;TZen4 : TCSP Ligne 402;arrêt;2;22;4;1;0;1;;1;0;0;8;1;2016-12-08T01:00:00+01:00;1;48.6235637891,2.45164582067
"{""type"": ""Point"", ""coordinates"": [2.465471746757162, 48.877993387689855]}";La Dhuys;109;metro 11 - RBP;10901;ligne 11 à Rosny-Bois-Perrier;arrêt;1;11;11;0;0;1;;0;1;0;9;1;2014-05-28T02:00:00+02:00;1;48.8779933877,2.46547174676
"{""type"": ""Point"", ""coordinates"": [2.45206511869539, 48.870818354802886]}";Aristide Briand;302;Tram 01 - VDF;30201;T1 Est : Noisy-Le-Sec - Val de Fontenay;arrêt;3;31;1;0;0;1;;0;1;0;9;1;2014-02-17T01:00:00+01:00;1;48.8708183548,2.4520651187
"{""type"": ""Point"", ""coordinates"": [2.443108996306995, 48.875614993823895]}";Libre Pensée;302;Tram 01 - VDF;30201;T1 Est : Noisy-Le-Sec - Val de Fontenay;arrêt;3;31;1;0;0;1;;0;1;0;9;1;2014-02-17T01:00:00+01:00;1;48.8756149938,2.44310899631
"{""type"": ""Point"", ""coordinates"": [1.715210986447545, 48.983654507541]}";Mantes Station;414;Train E - Ouest;41402;RER E à l'Ouest à Mantes-la-Jolie;arrêt;4;41;E;1;0;2;;0;1;0;9;1;;1;48.9836545075,1.71521098645
"{""type"": ""Point"", ""coordinates"": [2.471875495354439, 48.613555101837036]}";Gare RER de Corbeil Essonnes;245;TZen4;24501;TZen4 : TCSP Ligne 402;arrêt;2;22;4;1;1;1;;1;0;0;8;1;2016-12-08T01:00:00+01:00;1;48.6135551018,2.47187549535
"{""type"": ""Point"", ""coordinates"": [2.444630802037167, 48.88583251081035]}";Carrefour de la Vierge;302;Tram 01 - VDF;30201;T1 Est : Noisy-Le-Sec - Val de Fontenay;arrêt;3;31;1;0;0;1;1;0;1;0;9;1;2014-02-17T01:00:00+01:00;1;48.8858325108,2.44463080204
"{""type"": ""Point"", ""coordinates"": [2.454714211064977, 48.878336701938515]}";Montreuil-Hôpital;109;metro 11 - RBP;10901;ligne 11 à Rosny-Bois-Perrier;arrêt;1;11;11;0;0;1;;0;1;0;9;1;2014-05-28T02:00:00+02:00;1;48.8783367019,2.45471421106
"{""type"": ""Point"", ""coordinates"": [2.239568171217049, 48.89286497052016]}";La Défense;414;Train E - Ouest;41402;RER E à l'Ouest à Mantes-la-Jolie;arrêt;4;41;E;1;0;2;;0;1;0;9;1;;1;48.8928649705,2.23956817122
"{""type"": ""Point"", ""coordinates"": [2.26288547227933, 48.93453817122137]}";Gare du Stade;301;Tram 01 - Colombes;30104;T1 Ouest : Asnières - Colombes;arrêt;3;31;1;0;0;4;;0;1;0;8;1;2015-07-07T02:00:00+02:00;1;48.9345381712,2.26288547228
"{""type"": ""Point"", ""coordinates"": [2.075243088315694, 48.83648143157308]}";Bailly;319;Tram 13;31901;Tangentielle Ouest (Phase 1);arrêt;3;32;13;0;0;1;;1;0;0;9;1;2014-02-03T01:00:00+01:00;1;48.8364814316,2.07524308832
"{""type"": ""Point"", ""coordinates"": [2.36261826394953, 48.66531992340219]}";Viry - Coteaux de l'Orge;318;Tram 12;31801;Tram-Train Massy - Evry;arrêt;3;32;12;0;0;1;;1;0;0;9;1;2013-08-22T02:00:00+02:00;1;48.6653199234,2.36261826395
"{""type"": ""Point"", ""coordinates"": [1.703016134167223, 48.9895025080305]}";Mantes-la-Jolie;414;Train E - Ouest;41402;RER E à l'Ouest à Mantes-la-Jolie;arrêt;4;41;E;1;1;2;;0;1;0;9;1;;1;48.989502508,1.70301613417
"{""type"": ""Point"", ""coordinates"": [2.247996928922029, 48.92818096276544]}";Stade Yves du Manoir;301;Tram 01 - Colombes;30104;T1 Ouest : Asnières - Colombes;arrêt;3;31;1;0;0;4;;0;1;0;8;1;2015-07-07T02:00:00+02:00;1;48.9281809628,2.24799692892
"{""type"": ""Point"", ""coordinates"": [2.354738574144811, 48.667892845672476]}";Morsang;318;Tram 12;31801;Tram-Train Massy - Evry;arrêt;3;32;12;0;0;1;;1;0;0;9;1;2013-08-22T02:00:00+02:00;1;48.6678928457,2.35473857414
"{""type"": ""Point"", ""coordinates"": [2.326717840220577, 48.87502934185027]}";Haussmann-Saint-Lazare;414;Train E - Ouest;41401;RER E à l'Ouest à Nanterre-la-Folie;arrêt;4;41;E;1;1;1;;0;1;0;9;1;;1;48.8750293419,2.32671784022
"{""type"": ""Point"", ""coordinates"": [2.347202485314252, 48.67059268855164]}";Savigny;318;Tram 12;31801;Tram-Train Massy - Evry;arrêt;3;32;12;0;0;1;;1;0;0;9;1;2013-08-22T02:00:00+02:00;1;48.6705926886,2.34720248531
"{""type"": ""Point"", ""coordinates"": [2.376339042904093, 48.65345720624493]}";Centre de la Vie Sociale;245;TZen4;24501;TZen4 : TCSP Ligne 402;arrêt;2;22;4;0;0;1;;1;0;0;8;1;2016-12-08T01:00:00+01:00;1;48.6534572062,2.3763390429
"{""type"": ""Point"", ""coordinates"": [2.223738843023635, 48.89758664840727]}";Nanterre - La Folie;414;Train E - Ouest;41401;RER E à l'Ouest à Nanterre-la-Folie;arrêt;4;41;E;1;0;1;;0;1;0;9;1;;1;48.8975866484,2.22373884302
"{""type"": ""Point"", ""coordinates"": [2.366719777660084, 48.92886140637224]}";Lycée Suger;313;Tram 08;31302;T8 à Rosa Parks;arrêt;3;31;8;0;0;2;;0;1;0;3;0;;1;48.9288614064,2.36671977766
"{""type"": ""Point"", ""coordinates"": [2.265899097109115, 48.76469594994353]}";Esplanade;316;Tram 10;31601;T10 : Tramway Antony - Clamart;arrêt;3;31;10;0;0;1;;1;0;0;9;1;2016-10-11T02:00:00+02:00;1;48.7646959499,2.26589909711
"{""type"": ""Point"", ""coordinates"": [2.38615036708949, 48.65232858892664]}";La Ferme Neuve;245;TZen4;24501;TZen4 : TCSP Ligne 402;arrêt;2;22;4;0;0;1;;1;0;0;8;1;2016-12-08T01:00:00+01:00;1;48.6523285889,2.38615036709
"{""type"": ""Point"", ""coordinates"": [2.496578054508295, 48.823681608213576]}";;206;bus Est TVM;20601;Est TVM;arrêt;2;21;;0;0;1;;1;0;0;7;1;2014-07-21T02:00:00+02:00;1;48.8236816082,2.49657805451
"{""type"": ""Point"", ""coordinates"": [2.475193423820457, 48.8092213993176]}";;206;bus Est TVM;20601;Est TVM;arrêt;2;21;;0;0;1;;1;0;0;7;1;2014-07-21T02:00:00+02:00;1;48.8092213993,2.47519342382
"{""type"": ""Point"", ""coordinates"": [2.388023180290724, 48.75166888751083]}";Rue de Travy;231;bus Senia - Orly;23101;TCSP Senia - Orly - secteur Sénia;arrêt;2;21;;0;0;1;Sud;0;1;0;4;0;;1;48.7516688875,2.38802318029
"{""type"": ""Point"", ""coordinates"": [2.428430593700051, 48.62838676726272]}";Agora;245;TZen4;24501;TZen4 : TCSP Ligne 402;arrêt;2;22;4;0;0;1;;1;0;0;8;1;2016-12-08T01:00:00+01:00;1;48.6283867673,2.4284305937
"{""type"": ""Point"", ""coordinates"": [2.491787380670408, 48.82226905848115]}";;206;bus Est TVM;20601;Est TVM;arrêt;2;21;;0;0;1;;1;0;0;7;1;2014-07-21T02:00:00+02:00;1;48.8222690585,2.49178738067
"{""type"": ""Point"", ""coordinates"": [2.471170695436287, 48.809573971819624]}";;206;bus Est TVM;20601;Est TVM;arrêt;2;21;;0;0;1;;1;0;0;7;1;2014-07-21T02:00:00+02:00;1;48.8095739718,2.47117069544
"{""type"": ""Point"", ""coordinates"": [2.552019127827297, 48.840446405005615]}";Noisy-le-Grand - Mont d'Est;206;bus Est TVM;20601;Est TVM;arrêt;2;21;;0;1;1;;1;0;0;7;1;2014-07-21T02:00:00+02:00;1;48.840446405,2.55201912783
"{""type"": ""Point"", ""coordinates"": [2.45436825449404, 48.61964324365137]}";CHSF;245;TZen4;24501;TZen4 : TCSP Ligne 402;arrêt;2;22;4;0;0;1;;1;0;0;8;1;2016-12-08T01:00:00+01:00;1;48.6196432437,2.45436825449
"{""type"": ""Point"", ""coordinates"": [2.485322104165807, 48.820363048562626]}";;206;bus Est TVM;20601;Est TVM;arrêt;2;21;;0;0;1;;1;0;0;7;1;2014-07-21T02:00:00+02:00;1;48.8203630486,2.48532210417
"{""type"": ""Point"", ""coordinates"": [2.45458628446345, 48.783733712644356]}";;206;bus Est TVM;20601;Est TVM;arrêt;2;21;;0;0;1;;1;0;0;7;1;2014-07-21T02:00:00+02:00;1;48.7837337126,2.45458628446
"{""type"": ""Point"", ""coordinates"": [2.546591755796315, 48.843205729971025]}";;206;bus Est TVM;20601;Est TVM;arrêt;2;21;;0;0;1;;1;0;0;7;1;2014-07-21T02:00:00+02:00;1;48.84320573,2.5465917558
"{""type"": ""Point"", ""coordinates"": [1.91353050809466, 48.99259195475147]}";Les Mureaux;414;Train E - Ouest;41402;RER E à l'Ouest à Mantes-la-Jolie;arrêt;4;41;E;1;0;2;;0;1;0;9;1;;1;48.9925919548,1.91353050809
"{""type"": ""Point"", ""coordinates"": [2.481257535761958, 48.81497470269599]}";;206;bus Est TVM;20601;Est TVM;arrêt;2;21;;0;0;1;;1;0;0;7;1;2014-07-21T02:00:00+02:00;1;48.8149747027,2.48125753576
"{""type"": ""Point"", ""coordinates"": [2.371378701206531, 48.70906346798867]}";Le Contin;312;Tram 07;31202;T7 : Athis Mons - Juvisy (Phase 2);arrêt;3;31;7;0;0;2;;0;1;0;8;1;2013-11-27T01:00:00+01:00;1;48.709063468,2.37137870121
"{""type"": ""Point"", ""coordinates"": [2.425763032866559, 48.89556261431261]}";Raymond Queneau;244;TZen3;24401;TZen3 : TCSP RN3;arrêt;2;22;3;1;0;1;;1;0;0;8;1;2016-12-15T01:00:00+01:00;1;48.8955626143,2.42576303287
"{""type"": ""Point"", ""coordinates"": [1.955479247534605, 48.99261388163913]}";Les Clairières de Verneuil;414;Train E - Ouest;41402;RER E à l'Ouest à Mantes-la-Jolie;arrêt;4;41;E;1;0;2;;0;1;0;9;1;;1;48.9926138816,1.95547924753
"{""type"": ""Point"", ""coordinates"": [2.45380584156886, 48.78570112051643]}";;206;bus Est TVM;20601;Est TVM;arrêt;2;21;;0;0;1;;1;0;0;7;1;2014-07-21T02:00:00+02:00;1;48.7857011205,2.45380584157
"{""type"": ""Point"", ""coordinates"": [2.521563703812466, 48.82722978974715]}";;206;bus Est TVM;20601;Est TVM;arrêt;2;21;;0;0;1;;1;0;0;7;1;2014-07-21T02:00:00+02:00;1;48.8272297897,2.52156370381
"{""type"": ""Point"", ""coordinates"": [2.476234975838891, 48.905397957509756]}";Gâtine;244;TZen3;24401;TZen3 : TCSP RN3;arrêt;2;22;3;0;0;1;;1;0;0;8;1;2016-12-15T01:00:00+01:00;1;48.9053979575,2.47623497584
"{""type"": ""Point"", ""coordinates"": [1.999603609660236, 48.93948681080072]}";Villennes-sur-Seine;414;Train E - Ouest;41402;RER E à l'Ouest à Mantes-la-Jolie;arrêt;4;41;E;1;0;2;;0;1;0;9;1;;1;48.9394868108,1.99960360966
"{""type"": ""Point"", ""coordinates"": [2.371577488383517, 48.704999709858434]}";Stade Delaune;312;Tram 07;31202;T7 : Athis Mons - Juvisy (Phase 2);arrêt;3;31;7;0;0;2;;0;1;0;8;1;2013-11-27T01:00:00+01:00;1;48.7049997099,2.37157748838
"{""type"": ""Point"", ""coordinates"": [2.539417232636299, 48.839140884170966]}";;206;bus Est TVM;20601;Est TVM;arrêt;2;21;;0;0;1;;1;0;0;7;1;2014-07-21T02:00:00+02:00;1;48.8391408842,2.53941723264
"{""type"": ""Point"", ""coordinates"": [2.507319050675932, 48.909842136031656]}";Les Archers;244;TZen3;24401;TZen3 : TCSP RN3;arrêt;2;22;3;0;0;1;;1;0;0;8;1;2016-12-15T01:00:00+01:00;1;48.909842136,2.50731905068
"{""type"": ""Point"", ""coordinates"": [2.383806879481313, 48.74668461717299]}";Rue des 15 Arpents - Phase 1 sud;231;bus Senia - Orly;23101;TCSP Senia - Orly - secteur Sénia;arrêt;2;21;;0;0;1;Sud;0;1;0;4;0;;1;48.7466846172,2.38380687948
"{""type"": ""Point"", ""coordinates"": [2.253265651462388, 48.78312891642051]}";Edouard Herriot;316;Tram 10;31601;T10 : Tramway Antony - Clamart;arrêt;3;31;10;0;0;1;;1;0;0;9;1;2016-10-11T02:00:00+02:00;1;48.7831289164,2.25326565146
"{""type"": ""Point"", ""coordinates"": [2.253374492116987, 48.786188369168464]}";Hôpital Béclère;316;Tram 10;31601;T10 : Tramway Antony - Clamart;arrêt;3;31;10;1;0;1;;1;0;0;9;1;2016-10-11T02:00:00+02:00;1;48.7861883692,2.25337449212
"{""type"": ""Point"", ""coordinates"": [2.446083643893429, 48.89924904191928]}";Ecole Hôtelière;244;TZen3;24401;TZen3 : TCSP RN3;arrêt;2;22;3;0;0;1;;1;0;0;8;1;2016-12-15T01:00:00+01:00;1;48.8992490419,2.44608364389
"{""type"": ""Point"", ""coordinates"": [2.47207493561431, 48.904486782600856]}";Pont de Bondy;244;TZen3;24401;TZen3 : TCSP RN3;arrêt;2;22;3;1;0;1;;1;0;0;8;1;2016-12-15T01:00:00+01:00;1;48.9044867826,2.47207493561
"{""type"": ""Point"", ""coordinates"": [2.254174463626753, 48.76677097301018]}";Centre commercial;316;Tram 10;31601;T10 : Tramway Antony - Clamart;arrêt;3;31;10;0;0;1;;1;0;0;9;1;2016-10-11T02:00:00+02:00;1;48.766770973,2.25417446363
"{""type"": ""Point"", ""coordinates"": [2.24950654588259, 48.774257567169506]}";Novéos;316;Tram 10;31601;T10 : Tramway Antony - Clamart;arrêt;3;31;10;0;0;1;;1;0;0;9;1;2016-10-11T02:00:00+02:00;1;48.7742575672,2.24950654588
"{""type"": ""Point"", ""coordinates"": [2.544563643486854, 48.61548368473375]}";Carré Trait d'Union;243;TZen2;24301;TZen2 : TCSP Melun - Sénart;arrêt;2;22;2;0;1;1;;1;0;0;8;1;2014-07-30T02:00:00+02:00;1;48.6154836847,2.54456364349
"{""type"": ""Point"", ""coordinates"": [2.534471062268046, 48.83784454728266]}";;206;bus Est TVM;20601;Est TVM;arrêt;2;21;;0;0;1;;1;0;0;7;1;2014-07-21T02:00:00+02:00;1;48.8378445473,2.53447106227
"{""type"": ""Point"", ""coordinates"": [2.291497216450483, 48.76130600789474]}";Grenouillère;316;Tram 10;31601;T10 : Tramway Antony - Clamart;arrêt;3;31;10;0;0;1;;1;0;0;9;1;2016-10-11T02:00:00+02:00;1;48.7613060079,2.29149721645
"{""type"": ""Point"", ""coordinates"": [2.272513152586372, 48.763815942046705]}";Allende;316;Tram 10;31601;T10 : Tramway Antony - Clamart;arrêt;3;31;10;0;0;1;;1;0;0;9;1;2016-10-11T02:00:00+02:00;1;48.763815942,2.27251315259
"{""type"": ""Point"", ""coordinates"": [2.575349712723099, 48.60081579893403]}";Le Parc;243;TZen2;24301;TZen2 : TCSP Melun - Sénart;arrêt;2;22;2;0;0;1;;1;0;0;8;1;2014-07-30T02:00:00+02:00;1;48.6008157989,2.57534971272
"{""type"": ""Point"", ""coordinates"": [2.402372329417669, 48.891161031024176]}";Hoche;244;TZen3;24401;TZen3 : TCSP RN3;arrêt;2;22;3;1;0;1;;1;0;0;8;1;2016-12-15T01:00:00+01:00;1;48.891161031,2.40237232942
"{""type"": ""Point"", ""coordinates"": [2.304537337829181, 48.762893181667465]}";La Croix de Berny;316;Tram 10;31601;T10 : Tramway Antony - Clamart;arrêt;3;31;10;1;1;1;;1;0;0;9;1;2016-10-11T02:00:00+02:00;1;48.7628931817,2.30453733783
"{""type"": ""Point"", ""coordinates"": [2.259692733398718, 48.76552647712183]}";Cinéma Rex;316;Tram 10;31601;T10 : Tramway Antony - Clamart;arrêt;3;31;10;0;0;1;;1;0;0;9;1;2016-10-11T02:00:00+02:00;1;48.7655264771,2.2596927334
"{""type"": ""Point"", ""coordinates"": [2.577409173933251, 48.59609493131661]}";Les Lycées;243;TZen2;24301;TZen2 : TCSP Melun - Sénart;arrêt;2;22;2;0;0;1;;1;0;0;8;1;2014-07-30T02:00:00+02:00;1;48.5960949313,2.57740917393
"{""type"": ""Point"", ""coordinates"": [2.463633195954914, 48.902640068469665]}";Territoires de l'Ourcq;244;TZen3;24401;TZen3 : TCSP RN3;arrêt;2;22;3;0;0;1;;1;0;0;8;1;2016-12-15T01:00:00+01:00;1;48.9026400685,2.46363319595
"{""type"": ""Point"", ""coordinates"": [2.395151147083595, 48.65310107217424]}";Gare RER - Grigny Centre;245;TZen4;24501;TZen4 : TCSP Ligne 402;arrêt;2;22;4;1;0;1;;1;0;0;8;1;2016-12-08T01:00:00+01:00;1;48.6531010722,2.39515114708
"{""type"": ""Point"", ""coordinates"": [2.282021568209069, 48.76255014587565]}";D128 - Vincent Fayo;316;Tram 10;31601;T10 : Tramway Antony - Clamart;arrêt;3;31;10;0;0;1;;1;0;0;9;1;2016-10-11T02:00:00+02:00;1;48.7625501459,2.28202156821
"{""type"": ""Point"", ""coordinates"": [2.590188195221038, 48.59455689204032]}";Les Routoires;243;TZen2;24301;TZen2 : TCSP Melun - Sénart;arrêt;2;22;2;0;0;1;;1;0;0;8;1;2014-07-30T02:00:00+02:00;1;48.594556892,2.59018819522
"{""type"": ""Point"", ""coordinates"": [2.546978765770108, 48.61163666359668]}";Cueillette;243;TZen2;24301;TZen2 : TCSP Melun - Sénart;arrêt;2;22;2;0;0;1;;1;0;0;8;1;2014-07-30T02:00:00+02:00;1;48.6116366636,2.54697876577
"{""type"": ""Point"", ""coordinates"": [2.215228334498097, 48.89625574349371]}";Droits de l'Homme;301;Tram 01 - Rueil;30105;T1 Ouest : Nanterre - Rueil;arrêt;3;31;1;0;0;3;;0;1;0;5;0;;1;48.8962557435,2.2152283345
"{""type"": ""Point"", ""coordinates"": [2.428299747223668, 48.625760844026836]}";Gare RER Evry - Courcouronnes;245;TZen4;24501;TZen4 : TCSP Ligne 402;arrêt;2;22;4;1;0;1;;1;0;0;8;1;2016-12-08T01:00:00+01:00;1;48.625760844,2.42829974722
"{""type"": ""Point"", ""coordinates"": [2.660540340827731, 48.54252014032364]}";Charles de Gaulle;243;TZen2;24301;TZen2 : TCSP Melun - Sénart;arrêt;2;22;2;0;0;1;;1;0;0;8;1;2014-07-30T02:00:00+02:00;1;48.5425201403,2.66054034083
"{""type"": ""Point"", ""coordinates"": [2.601065007658997, 48.573905301660204]}";Coulée verte;243;TZen2;24301;TZen2 : TCSP Melun - Sénart;arrêt;2;22;2;0;0;1;;1;0;0;8;1;2014-07-30T02:00:00+02:00;1;48.5739053017,2.60106500766
"{""type"": ""Point"", ""coordinates"": [2.312791961501291, 48.89498081072531]}";Porte de Clichy;114;metro 14 MSO;11402;ligne 14 - nord - phase 1 - Mairie de St-Ouen;arrêt;1;11;14;1;0;1;;0;1;0;9;1;2012-10-04T02:00:00+02:00;1;48.8949808107,2.3127919615
"{""type"": ""Point"", ""coordinates"": [2.212616854502213, 48.894023211577036]}";Les Amandiers;301;Tram 01 - Rueil;30105;T1 Ouest : Nanterre - Rueil;arrêt;3;31;1;0;0;3;;0;1;0;5;0;;1;48.8940232116,2.2126168545
"{""type"": ""Point"", ""coordinates"": [2.6617100030204, 48.538745544845845]}";Saint Jean;243;TZen2;24301;TZen2 : TCSP Melun - Sénart;arrêt;2;22;2;0;0;1;;1;0;0;8;1;2014-07-30T02:00:00+02:00;1;48.5387455448,2.66171000302
"{""type"": ""Point"", ""coordinates"": [2.660143989349918, 48.536126430860634]}";Ile Notre-Dame;243;TZen2;24301;TZen2 : TCSP Melun - Sénart;arrêt;2;22;2;0;0;1;;1;0;0;8;1;2014-07-30T02:00:00+02:00;1;48.5361264309,2.66014398935
"{""type"": ""Point"", ""coordinates"": [2.405981396578817, 48.64475329613948]}";Auguste Plat;245;TZen4;24501;TZen4 : TCSP Ligne 402;arrêt;2;22;4;0;0;1;;1;0;0;8;1;2016-12-08T01:00:00+01:00;1;48.6447532961,2.40598139658
"{""type"": ""Point"", ""coordinates"": [2.212948932558466, 48.90104293398842]}";Nanterre Université;301;Tram 01 - Rueil;30105;T1 Ouest : Nanterre - Rueil;arrêt;3;31;1;1;0;3;;0;1;0;5;0;;1;48.901042934,2.21294893256
"{""type"": ""Point"", ""coordinates"": [2.377900292051548, 48.80320645689224]}";Germaine Tailleferre;315;Tram 09;31501;T9 : Tramway Paris - Orly;arrêt;3;31;9;0;0;1;;1;0;0;9;1;2016-10-11T02:00:00+02:00;1;48.8032064569,2.37790029205
"{""type"": ""Point"", ""coordinates"": [2.655870473704002, 48.532000079714855]}";Thiers;243;TZen2;24301;TZen2 : TCSP Melun - Sénart;arrêt;2;22;2;0;0;1;;1;0;0;8;1;2014-07-30T02:00:00+02:00;1;48.5320000797,2.6558704737
"{""type"": ""Point"", ""coordinates"": [2.403672349131762, 48.642589013200535]}";La Mare à pilâtre;245;TZen4;24501;TZen4 : TCSP Ligne 402;arrêt;2;22;4;0;0;1;;1;0;0;8;1;2016-12-08T01:00:00+01:00;1;48.6425890132,2.40367234913
"{""type"": ""Point"", ""coordinates"": [2.214860122776601, 48.90847482243021]}";Petit Nanterre;301;Tram 01 - Rueil;30105;T1 Ouest : Nanterre - Rueil;arrêt;3;31;1;0;0;3;;0;1;0;5;0;;1;48.9084748224,2.21486012278
"{""type"": ""Point"", ""coordinates"": [2.396254896670941, 48.77865045931535]}";Plâtrières;315;Tram 09;31501;T9 : Tramway Paris - Orly;arrêt;3;31;9;0;0;1;;1;0;0;9;1;2016-10-11T02:00:00+02:00;1;48.7786504593,2.39625489667
"{""type"": ""Point"", ""coordinates"": [2.655062949098435, 48.52851515394331]}";Place de la Gare;243;TZen2;24301;TZen2 : TCSP Melun - Sénart;arrêt;2;22;2;1;1;1;;1;0;0;8;1;2014-07-30T02:00:00+02:00;1;48.5285151539,2.6550629491
"{""type"": ""Point"", ""coordinates"": [2.418577578138076, 48.62759555705472]}";Georges Brassens;245;TZen4;24501;TZen4 : TCSP Ligne 402;arrêt;2;22;4;0;0;1;;1;0;0;8;1;2016-12-08T01:00:00+01:00;1;48.6275955571,2.41857757814
"{""type"": ""Point"", ""coordinates"": [2.321743589558778, 48.9044964205746]}";Clichy - Saint-Ouen RER;114;metro 14 MSO;11402;ligne 14 - nord - phase 1 - Mairie de St-Ouen;arrêt;1;11;14;1;0;1;;0;1;0;9;1;2012-10-04T02:00:00+02:00;1;48.9044964206,2.32174358956
"{""type"": ""Point"", ""coordinates"": [2.408878704686086, 48.75920078773302]}";Carle-Darthe;315;Tram 09;31501;T9 : Tramway Paris - Orly;arrêt;3;31;9;0;0;1;;1;0;0;9;1;2016-10-11T02:00:00+02:00;1;48.7592007877,2.40887870469
"{""type"": ""Point"", ""coordinates"": [2.368239750799281, 48.815531964077216]}";Barbès-Châteaudun;315;Tram 09;31501;T9 : Tramway Paris - Orly;arrêt;3;31;9;0;0;1;;1;0;0;9;1;2016-10-11T02:00:00+02:00;1;48.8155319641,2.3682397508
"{""type"": ""Point"", ""coordinates"": [2.422343841761751, 48.62940694319859]}";Jean Renoir;245;TZen4;24501;TZen4 : TCSP Ligne 402;arrêt;2;22;4;0;0;1;;1;0;0;8;1;2016-12-08T01:00:00+01:00;1;48.6294069432,2.42234384176
"{""type"": ""Point"", ""coordinates"": [2.467356117418251, 48.882243731337404]}";Coteaux Beauclair;109;metro 11 - RBP;10901;ligne 11 à Rosny-Bois-Perrier;arrêt;1;11;11;0;0;1;;0;1;0;9;1;2014-05-28T02:00:00+02:00;1;48.8822437313,2.46735611742
"{""type"": ""Point"", ""coordinates"": [2.416612616850875, 48.7524138808094]}";Christophe Colomb;315;Tram 09;31501;T9 : Tramway Paris - Orly;arrêt;3;31;9;0;0;1;;1;0;0;9;1;2016-10-11T02:00:00+02:00;1;48.7524138808,2.41661261685
"{""type"": ""Point"", ""coordinates"": [2.399375864563053, 48.77299263154347]}";Trois Communes;315;Tram 09;31501;T9 : Tramway Paris - Orly;arrêt;3;31;9;0;0;1;;1;0;0;9;1;2016-10-11T02:00:00+02:00;1;48.7729926315,2.39937586456
"{""type"": ""Point"", ""coordinates"": [2.428717319215018, 48.63170759245092]}";Les Miroirs;245;TZen4;24501;TZen4 : TCSP Ligne 402;arrêt;2;22;4;0;0;1;;1;0;0;8;1;2016-12-08T01:00:00+01:00;1;48.6317075925,2.42871731922
"{""type"": ""Point"", ""coordinates"": [2.416479643681515, 48.879761253097925]}";Mairie des Lilas;109;metro 11 - RBP;10901;ligne 11 à Rosny-Bois-Perrier;arrêt;1;11;11;1;1;1;;0;1;0;9;1;2014-05-28T02:00:00+02:00;1;48.8797612531,2.41647964368
"{""type"": ""Point"", ""coordinates"": [2.48984685606537, 48.855846612902916]}";Val de Fontenay;115;metro 15 est;11505;ligne 15 - est - phase 2;arrêt;1;11;15;1;0;2;;1;0;0;7;1;2017-02-13T01:00:00+01:00;1;48.8558466129,2.48984685607
"{""type"": ""Point"", ""coordinates"": [2.405808944037218, 48.763914871077304]}";Rouget de Lisle;315;Tram 09;31501;T9 : Tramway Paris - Orly;arrêt;3;31;9;0;0;1;;1;0;0;9;1;2016-10-11T02:00:00+02:00;1;48.7639148711,2.40580894404
"{""type"": ""Point"", ""coordinates"": [2.446832759156071, 48.618640495234914]}";Temps des Cerises;245;TZen4;24501;TZen4 : TCSP Ligne 402;arrêt;2;22;4;0;0;1;;1;0;0;8;1;2016-12-08T01:00:00+01:00;1;48.6186404952,2.44683275916
"{""type"": ""Point"", ""coordinates"": [2.382095171631102, 48.690849339647734]}";Juvisy-sur-Orge;312;Tram 07;31202;T7 : Athis Mons - Juvisy (Phase 2);arrêt;3;31;7;1;1;2;;0;1;0;8;1;2013-11-27T01:00:00+01:00;1;48.6908493396,2.38209517163
"{""type"": ""Point"", ""coordinates"": [2.480198691861996, 48.894259072746344]}";Bondy;115;metro 15 est;11503;ligne 15 - est - phase 1;arrêt;1;11;15;1;0;1;;1;0;0;7;1;2017-02-13T01:00:00+01:00;1;48.8942590727,2.48019869186
"{""type"": ""Point"", ""coordinates"": [2.411910061414505, 48.75454738744507]}";Four-Peary;315;Tram 09;31501;T9 : Tramway Paris - Orly;arrêt;3;31;9;0;0;1;;1;0;0;9;1;2016-10-11T02:00:00+02:00;1;48.7545473874,2.41191006141
"{""type"": ""Point"", ""coordinates"": [2.46364051223874, 48.612967942842545]}";Montagnes des Glaises Haut;245;TZen4;24501;TZen4 : TCSP Ligne 402;arrêt;2;22;4;0;0;1;;1;0;0;8;1;2016-12-08T01:00:00+01:00;1;48.6129679428,2.46364051224
"{""type"": ""Point"", ""coordinates"": [2.365961635294148, 48.906575773222855]}";Front Populaire;313;Tram 08;31302;T8 à Rosa Parks;arrêt;3;31;8;1;0;2;;0;1;0;3;0;;1;48.9065757732,2.36596163529
"{""type"": ""Point"", ""coordinates"": [2.412641573826944, 48.7962759476918]}";Salvador Allende;246;TZen5;24601;TZen5 : TCSP Vallée de la Seine BFM - Choisy-le-Roi;arrêt;2;22;5;0;0;1;;1;0;0;7;1;2016-12-16T01:00:00+01:00;1;48.7962759477,2.41264157383
"{""type"": ""Point"", ""coordinates"": [2.365153605732492, 48.81944403813685]}";Porte de Choisy;315;Tram 09;31501;T9 : Tramway Paris - Orly;arrêt;3;31;9;1;1;1;;1;0;0;9;1;2016-10-11T02:00:00+02:00;1;48.8194440381,2.36515360573
"{""type"": ""Point"", ""coordinates"": [2.467167231765146, 48.613107536502724]}";Montagnes des Glaises Bas;245;TZen4;24501;TZen4 : TCSP Ligne 402;arrêt;2;22;4;0;0;1;;1;0;0;8;1;2016-12-08T01:00:00+01:00;1;48.6131075365,2.46716723177
"{""type"": ""Point"", ""coordinates"": [2.233882655313789, 48.92262290500083]}";Hôpital Louis Mourier;301;Tram 01 - Colombes;30104;T1 Ouest : Asnières - Colombes;arrêt;3;31;1;0;0;4;;0;1;0;8;1;2015-07-07T02:00:00+02:00;1;48.922622905,2.23388265531
"{""type"": ""Point"", ""coordinates"": [2.136050489663707, 48.79528024627205]}";Versailles Chantiers;318;Tram 12;31802;Tram-Train Massy - Versailles;arrêt;3;32;12;0;1;2;;1;0;0;4;0;;1;48.7952802463,2.13605048966
"{""type"": ""Point"", ""coordinates"": [2.34655688662476, 48.917681440981006]}";Saint-Denis Pleyel;115;metro 15 est;11503;ligne 15 - est - phase 1;arrêt;1;11;15;1;1;1;;1;0;0;7;1;2017-02-13T01:00:00+01:00;1;48.917681441,2.34655688662
"{""type"": ""Point"", ""coordinates"": [1.809094508773783, 48.96334411275807]}";Epône Mézières;414;Train E - Ouest;41402;RER E à l'Ouest à Mantes-la-Jolie;arrêt;4;41;E;1;0;2;;0;1;0;9;1;;1;48.9633441128,1.80909450877
"{""type"": ""Point"", ""coordinates"": [2.407424024640605, 48.64879779541552]}";Moulin à Vent;245;TZen4;24501;TZen4 : TCSP Ligne 402;arrêt;2;22;4;0;0;1;;1;0;0;8;1;2016-12-08T01:00:00+01:00;1;48.6487977954,2.40742402464
"{""type"": ""Point"", ""coordinates"": [2.333319487111158, 48.67627612432737]}";Petit Vaux;318;Tram 12;31801;Tram-Train Massy - Evry;arrêt;3;32;12;1;0;1;;1;0;0;9;1;2013-08-22T02:00:00+02:00;1;48.6762761243,2.33331948711
"{""type"": ""Point"", ""coordinates"": [2.318679120665013, 48.802757104033645]}";Bagneux M4;115;metro 15 sud;11501;ligne 15 - sud;arrêt;1;11;15;0;0;1;;1;0;0;9;1;2014-12-14T01:00:00+01:00;1;48.802757104,2.31867912067
"{""type"": ""Point"", ""coordinates"": [2.368011215033497, 48.72873302709115]}";Orly Sud;231;bus Senia - Orly;23101;TCSP Senia - Orly - secteur Aéroport d'Orly -simple;arrêt;2;21;;1;0;1;;0;1;0;4;0;;1;48.7287330271,2.36801121503
"{""type"": ""Point"", ""coordinates"": [2.43972940747767, 48.62207991181142]}";Place de la Commune;245;TZen4;24501;TZen4 : TCSP Ligne 402;arrêt;2;22;4;0;0;1;;1;0;0;8;1;2016-12-08T01:00:00+01:00;1;48.6220799118,2.43972940748
"{""type"": ""Point"", ""coordinates"": [2.502494330099535, 48.816573717179715]}";Champigny Centre;115;metro 15 est;11505;ligne 15 - est - phase 2;arrêt;1;11;15;0;1;2;;1;0;0;7;1;2017-02-13T01:00:00+01:00;1;48.8165737172,2.5024943301
"{""type"": ""Point"", ""coordinates"": [2.427072880812967, 48.915808577659654]}";Drancy-Bobigny;115;metro 15 est;11503;ligne 15 - est - phase 1;arrêt;1;11;15;1;0;1;;1;0;0;7;1;2017-02-13T01:00:00+01:00;1;48.9158085777,2.42707288081
"{""type"": ""Point"", ""coordinates"": [2.369364374886389, 48.72948457506578]}";Orly Sud;231;bus Senia - Orly;23101;TCSP Senia - Orly - secteur Aéroport d'Orly -simple;arrêt;2;21;;1;0;1;;0;1;0;4;0;;1;48.7294845751,2.36936437489
"{""type"": ""Point"", ""coordinates"": [1.848348808282501, 48.9721416769078]}";Aubergenville - Elisabethville;414;Train E - Ouest;41402;RER E à l'Ouest à Mantes-la-Jolie;arrêt;4;41;E;1;0;2;;0;1;0;9;1;;1;48.9721416769,1.84834880828
"{""type"": ""Point"", ""coordinates"": [2.278381626576826, 48.87469663168925]}";Bruix - Lalo;305;Tram 03b - Ouest;30503;T3b : Porte Maillot - Dauphine;arrêt;3;31;3B;0;0;4;;0;1;0;7;0;;1;48.8746966317,2.27838162658
"{""type"": ""Point"", ""coordinates"": [2.402818299952239, 48.81432461408604]}";Gambetta;246;TZen5;24601;TZen5 : TCSP Vallée de la Seine BFM - Choisy-le-Roi;arrêt;2;22;5;0;0;1;;1;0;0;7;1;2016-12-16T01:00:00+01:00;1;48.8143246141,2.40281829995
"{""type"": ""Point"", ""coordinates"": [2.372261733350906, 48.73835484103741]}";Caroline Aigle - Orly fret;231;bus Senia - Orly;23101;TCSP Senia - Orly - secteur Coeur d'Orly;arrêt;2;21;;1;0;1;;0;1;0;4;0;;1;48.738354841,2.37226173335
"{""type"": ""Point"", ""coordinates"": [2.041072289675926, 48.933265406128534]}";Poissy;414;Train E - Ouest;41402;RER E à l'Ouest à Mantes-la-Jolie;arrêt;4;41;E;1;0;2;;0;1;0;9;1;;1;48.9332654061,2.04107228968
"{""type"": ""Point"", ""coordinates"": [2.274202106682456, 48.87005010839991]}";Porte Dauphine;305;Tram 03b - Ouest;30503;T3b : Porte Maillot - Dauphine;arrêt;3;31;3B;1;1;4;;0;1;0;7;0;;1;48.8700501084,2.27420210668
"{""type"": ""Point"", ""coordinates"": [2.412136640475517, 48.79934453953793]}";Berthie Albrecht;246;TZen5;24601;TZen5 : TCSP Vallée de la Seine BFM - Choisy-le-Roi;arrêt;2;22;5;0;0;1;;1;0;0;7;1;2016-12-16T01:00:00+01:00;1;48.7993445395,2.41213664048
"{""type"": ""Point"", ""coordinates"": [2.440005326294889, 48.89817368537968]}";La Folie;244;TZen3;24401;TZen3 : TCSP RN3;arrêt;2;22;3;0;0;1;;1;0;0;8;1;2016-12-15T01:00:00+01:00;1;48.8981736854,2.44000532629
"{""type"": ""Point"", ""coordinates"": [2.249687391881762, 48.76935208772376]}";11 Novembre;316;Tram 10;31601;T10 : Tramway Antony - Clamart;arrêt;3;31;10;0;0;1;;1;0;0;9;1;2016-10-11T02:00:00+02:00;1;48.7693520877,2.24968739188
"{""type"": ""Point"", ""coordinates"": [2.291395573650723, 48.88554457884883]}";Porte de Champerret;305;Tram 03b - Ouest;30503;T3b : Porte d'Asnières - Porte Maillot;arrêt;3;31;3B;1;0;4;;0;1;0;7;0;;1;48.8855445788,2.29139557365
"{""type"": ""Point"", ""coordinates"": [2.414320881994156, 48.78254499746823]}";Grande Halle;246;TZen5;24601;TZen5 : TCSP Vallée de la Seine BFM - Choisy-le-Roi;arrêt;2;22;5;0;0;1;;1;0;0;7;1;2016-12-16T01:00:00+01:00;1;48.7825449975,2.41432088199
"{""type"": ""Point"", ""coordinates"": [2.395792441806179, 48.88932991202057]}";Porte de Pantin;244;TZen3;24401;TZen3 : TCSP RN3;arrêt;2;22;3;1;1;1;;1;0;0;8;1;2016-12-15T01:00:00+01:00;1;48.889329912,2.39579244181
"{""type"": ""Point"", ""coordinates"": [2.544949524211895, 48.83841251830401]}";;206;bus Est TVM;20601;Est TVM;arrêt;2;21;;0;0;1;;1;0;0;7;1;2014-07-21T02:00:00+02:00;1;48.8384125183,2.54494952421
"{""type"": ""Point"", ""coordinates"": [2.380050485020262, 48.74765590481179]}";Rue des Arpents;231;bus Senia - Orly;23101;TCSP Senia - Orly - secteur Sénia;arrêt;2;21;;0;0;1;;0;1;0;4;0;;1;48.7476559048,2.38005048502
"{""type"": ""Point"", ""coordinates"": [2.40942715517186, 48.781970671314944]}";Gare Ardoines;246;TZen5;24601;TZen5 : TCSP Vallée de la Seine BFM - Choisy-le-Roi;arrêt;2;22;5;1;0;1;;1;0;0;7;1;2016-12-16T01:00:00+01:00;1;48.7819706713,2.40942715517
"{""type"": ""Point"", ""coordinates"": [2.516831522187593, 48.9087028450769]}";Gargan;244;TZen3;24401;TZen3 : TCSP RN3;arrêt;2;22;3;1;1;1;;1;0;0;8;1;2016-12-15T01:00:00+01:00;1;48.9087028451,2.51683152219
"{""type"": ""Point"", ""coordinates"": [2.481103459704455, 48.906030267405754]}";Polissard;244;TZen3;24401;TZen3 : TCSP RN3;arrêt;2;22;3;0;0;1;;1;0;0;8;1;2016-12-15T01:00:00+01:00;1;48.9060302674,2.4811034597
"{""type"": ""Point"", ""coordinates"": [2.459695349968574, 48.89664909241983]}";Noisy-le-Sec;910;Noisy-le-Sec;91001;pôle de Noisy-le-Sec;pôle multimodal;9;91;;1;0;;;0;0;1;3;0;;1;48.8966490924,2.45969534997
"{""type"": ""Point"", ""coordinates"": [2.409034885140542, 48.77149459840202]}";Docteur Roux;246;TZen5;24601;TZen5 : TCSP Vallée de la Seine BFM - Choisy-le-Roi;arrêt;2;22;5;0;0;1;;1;0;0;7;1;2016-12-16T01:00:00+01:00;1;48.7714945984,2.40903488514
"{""type"": ""Point"", ""coordinates"": [2.224296060139083, 48.91787677310219]}";Parc Pierre Lagravère;301;Tram 01 - Colombes;30104;T1 Ouest : Asnières - Colombes;arrêt;3;31;1;1;0;4;;0;1;0;8;1;2015-07-07T02:00:00+02:00;1;48.9178767731,2.22429606014
"{""type"": ""Point"", ""coordinates"": [2.49539427921894, 48.90807140805801]}";La Fourche;244;TZen3;24401;TZen3 : TCSP RN3;arrêt;2;22;3;0;0;1;;1;0;0;8;1;2016-12-15T01:00:00+01:00;1;48.9080714081,2.49539427922
"{""type"": ""Point"", ""coordinates"": [1.695981373598411, 48.994281973671114]}";;214;bus Mantes la-Jolie;21401;TCSP Mantes-la-Jolie/Gare du Mantois;arrêt;2;21;;0;0;1;;1;0;0;4;0;;1;48.9942819737,1.6959813736
"{""type"": ""Point"", ""coordinates"": [2.419342584021662, 48.79373695268065]}";Ardoines Centre;246;TZen5;24601;TZen5 : TCSP Vallée de la Seine BFM - Choisy-le-Roi;arrêt;2;22;5;0;0;1;;1;0;0;7;1;2016-12-16T01:00:00+01:00;1;48.7937369527,2.41934258402
"{""type"": ""Point"", ""coordinates"": [2.409644519784259, 48.8924463955422]}";Delizy;244;TZen3;24401;TZen3 : TCSP RN3;arrêt;2;22;3;0;0;1;;1;0;0;8;1;2016-12-15T01:00:00+01:00;1;48.8924463955,2.40964451978
"{""type"": ""Point"", ""coordinates"": [2.431992999335661, 48.896661038781566]}";Commune de Paris;244;TZen3;24401;TZen3 : TCSP RN3;arrêt;2;22;3;0;0;1;;1;0;0;8;1;2016-12-15T01:00:00+01:00;1;48.8966610388,2.43199299934
"{""type"": ""Point"", ""coordinates"": [1.678622953528655, 49.001552186025286]}";;214;bus Mantes la-Jolie;21401;TCSP Mantes-la-Jolie/Gare du Mantois;arrêt;2;21;;0;0;1;;1;0;0;4;0;;1;49.001552186,1.67862295353
"{""type"": ""Point"", ""coordinates"": [2.228533882467138, 48.920330706429695]}";Rue de Seine;301;Tram 01 - Colombes;30104;T1 Ouest : Asnières - Colombes;arrêt;3;31;1;0;0;4;;0;1;0;8;1;2015-07-07T02:00:00+02:00;1;48.9203307064,2.22853388247
"{""type"": ""Point"", ""coordinates"": [2.413425722094124, 48.89329637050648]}";Eglise de Pantin;244;TZen3;24401;TZen3 : TCSP RN3;arrêt;2;22;3;1;0;1;;1;0;0;8;1;2016-12-15T01:00:00+01:00;1;48.8932963705,2.41342572209
"{""type"": ""Point"", ""coordinates"": [2.457888302886952, 48.90151267234942]}";Parc de la Bergère;244;TZen3;24401;TZen3 : TCSP RN3;arrêt;2;22;3;0;0;1;;1;0;0;8;1;2016-12-15T01:00:00+01:00;1;48.9015126723,2.45788830289
"{""type"": ""Point"", ""coordinates"": [2.207523837041942, 48.936100093146855]}";La Berthie;201;bus entre Seine;20101;TCSP ABSC : Argenteuil - Bezons - Sartrouville;arrêt;2;21;;0;0;1;tracé principal;0;0;1;4;0;;1;48.9361000931,2.20752383704
"{""type"": ""Point"", ""coordinates"": [2.317594693013569, 48.68552729211013]}";Gravigny-Balizy;318;Tram 12;31801;Tram-Train Massy - Evry;arrêt;3;32;12;1;0;1;;1;0;0;9;1;2013-08-22T02:00:00+02:00;1;48.6855272921,2.31759469301
"{""type"": ""Point"", ""coordinates"": [2.452086429465367, 48.900393023939216]}";Arts de la Rue;244;TZen3;24401;TZen3 : TCSP RN3;arrêt;2;22;3;0;0;1;;1;0;0;8;1;2016-12-15T01:00:00+01:00;1;48.9003930239,2.45208642947
"{""type"": ""Point"", ""coordinates"": [2.488822951863062, 48.90712610085464]}";Pasteur;244;TZen3;24401;TZen3 : TCSP RN3;arrêt;2;22;3;0;0;1;;1;0;0;8;1;2016-12-15T01:00:00+01:00;1;48.9071261009,2.48882295186
"{""type"": ""Point"", ""coordinates"": [2.21252346319636, 48.930698472527155]}";Place des Droits de l'Homme;201;bus entre Seine;20101;TCSP ABSC : Argenteuil - Bezons - Sartrouville;arrêt;2;21;;0;0;1;tracé principal;0;0;1;4;0;;1;48.9306984725,2.2125234632
"{""type"": ""Point"", ""coordinates"": [2.206513991611857, 48.90269231124255]}";Anatole France;301;Tram 01 - Rueil;30105;T1 Ouest : Nanterre - Rueil;arrêt;3;31;1;0;0;3;;0;1;0;5;0;;1;48.9026923112,2.20651399161
"{""type"": ""Point"", ""coordinates"": [2.565528485670111, 48.60057995372702]}";Miroir d'eau;243;TZen2;24301;TZen2 : TCSP Melun - Sénart;arrêt;2;22;2;0;0;1;;1;0;0;8;1;2014-07-30T02:00:00+02:00;1;48.6005799537,2.56552848567
"{""type"": ""Point"", ""coordinates"": [2.501194736625861, 48.908961087955845]}";Schmitt;244;TZen3;24401;TZen3 : TCSP RN3;arrêt;2;22;3;0;0;1;;1;0;0;8;1;2016-12-15T01:00:00+01:00;1;48.908961088,2.50119473663
"{""type"": ""Point"", ""coordinates"": [2.256968703713613, 48.947119765661654]}";Gare d'Argenteuil;201;bus entre Seine;20101;TCSP ABSC : Argenteuil - Bezons - Sartrouville;arrêt;2;21;;1;1;1;tracé principal;0;0;1;4;0;;1;48.9471197657,2.25696870371
"{""type"": ""Point"", ""coordinates"": [2.166981976195274, 48.87439970528085]}";Château de Malmaison;301;Tram 01 - Rueil;30105;T1 Ouest : Nanterre - Rueil;arrêt;3;31;1;0;1;3;;0;1;0;5;0;;1;48.8743997053,2.1669819762
"{""type"": ""Point"", ""coordinates"": [2.604433534380405, 48.58468908946838]}";Maisonnement;243;TZen2;24301;TZen2 : TCSP Melun - Sénart;arrêt;2;22;2;0;0;1;;1;0;0;8;1;2014-07-30T02:00:00+02:00;1;48.5846890895,2.60443353438
"{""type"": ""Point"", ""coordinates"": [2.557799985685863, 48.60508487202222]}";Avenue 8 mai 1945;243;TZen2;24301;TZen2 : TCSP Melun - Sénart;arrêt;2;22;2;0;0;1;;1;0;0;8;1;2014-07-30T02:00:00+02:00;1;48.605084872,2.55779998569
"{""type"": ""Point"", ""coordinates"": [2.527852715742852, 48.82791973768688]}";;202;bus Altival;20201;TCSP Altival;arrêt;2;21;NR;0;0;1;;1;0;0;7;0;;1;48.8279197377,2.52785271574
"{""type"": ""Point"", ""coordinates"": [2.194157591248167, 48.884752029299165]}";Sainte-Geneviève;301;Tram 01 - Rueil;30105;T1 Ouest : Nanterre - Rueil;arrêt;3;31;1;0;0;3;;0;1;0;5;0;;1;48.8847520293,2.19415759125
"{""type"": ""Point"", ""coordinates"": [2.625865587091314, 48.568230671456845]}";PA Jean Monnet;243;TZen2;24301;TZen2 : TCSP Melun - Sénart;arrêt;2;22;2;0;0;1;;1;0;0;8;1;2014-07-30T02:00:00+02:00;1;48.5682306715,2.62586558709
"{""type"": ""Point"", ""coordinates"": [2.596176803575962, 48.58660510078283]}";Boissenart;243;TZen2;24301;TZen2 : TCSP Melun - Sénart;arrêt;2;22;2;0;0;1;;1;0;0;8;1;2014-07-30T02:00:00+02:00;1;48.5866051008,2.59617680358
"{""type"": ""Point"", ""coordinates"": [2.533188824548591, 48.812457753849706]}";;202;bus Altival;20201;TCSP Altival;arrêt;2;21;NR;0;0;1;;1;0;0;7;0;;1;48.8124577538,2.53318882455
"{""type"": ""Point"", ""coordinates"": [2.388484149613392, 48.74724690030283]}";Rue du Puits Dixme;231;bus Senia - Orly;23101;TCSP Senia - Orly - secteur Sénia;arrêt;2;21;;0;0;1;;0;1;0;4;0;;1;48.7472469003,2.38848414961
"{""type"": ""Point"", ""coordinates"": [2.646738310367105, 48.553053292710054]}";Beauregard;243;TZen2;24301;TZen2 : TCSP Melun - Sénart;arrêt;2;22;2;0;0;1;;1;0;0;8;1;2014-07-30T02:00:00+02:00;1;48.5530532927,2.64673831037
"{""type"": ""Point"", ""coordinates"": [2.609747179513418, 48.57282358853559]}";Aimé Césaire;243;TZen2;24301;TZen2 : TCSP Melun - Sénart;arrêt;2;22;2;0;0;1;;1;0;0;8;1;2014-07-30T02:00:00+02:00;1;48.5728235885,2.60974717951
"{""type"": ""Point"", ""coordinates"": [2.283733894472665, 48.93012266950688]}";Les Courtilles;301;Tram 01 - Colombes;30103;T1 Ouest : Asnières - Colombes - Quatre routes;arrêt;3;31;1;1;1;3;;0;1;0;9;1;2015-07-07T02:00:00+02:00;1;48.9301226695,2.28373389447
"{""type"": ""Point"", ""coordinates"": [2.373576051221237, 48.73518712786328]}";Coeur d'Orly;231;bus Senia - Orly;23101;TCSP Senia - Orly - secteur Coeur d'Orly;arrêt;2;21;;0;0;1;;0;1;0;4;0;;1;48.7351871279,2.37357605122
"{""type"": ""Point"", ""coordinates"": [2.659384943537677, 48.53834721182894]}";Saint Aspais;243;TZen2;24301;TZen2 : TCSP Melun - Sénart;arrêt;2;22;2;0;0;1;;1;0;0;8;1;2014-07-30T02:00:00+02:00;1;48.5383472118,2.65938494354
"{""type"": ""Point"", ""coordinates"": [2.621284234056607, 48.57228083877826]}";Haies fleuries;243;TZen2;24301;TZen2 : TCSP Melun - Sénart;arrêt;2;22;2;0;0;1;;1;0;0;8;1;2014-07-30T02:00:00+02:00;1;48.5722808388,2.62128423406
"{""type"": ""Point"", ""coordinates"": [2.274804996246745, 48.9273734013309]}";Asnières Quatre Routes;301;Tram 01 - Colombes;30104;T1 Ouest : Asnières - Colombes;arrêt;3;31;1;0;1;4;;0;1;0;8;1;2015-07-07T02:00:00+02:00;1;48.9273734013,2.27480499625
"{""type"": ""Point"", ""coordinates"": [2.049802155725825, 48.92772639832318]}";Poissy-Gambetta;319;Tram 13;31902;Tangentielle Ouest (Phase 2);arrêt;3;32;13;0;0;2;Poissy;0;1;0;7;0;;1;48.9277263983,2.04980215573
"{""type"": ""Point"", ""coordinates"": [2.381510971736228, 48.79882265296957]}";Champs Fleuris;315;Tram 09;31501;T9 : Tramway Paris - Orly;arrêt;3;31;9;0;0;1;;1;0;0;9;1;2016-10-11T02:00:00+02:00;1;48.798822653,2.38151097174
"{""type"": ""Point"", ""coordinates"": [2.658487298559863, 48.5367991027691]}";Ile Praslin;243;TZen2;24301;TZen2 : TCSP Melun - Sénart;arrêt;2;22;2;0;0;1;;1;0;0;8;1;2014-07-30T02:00:00+02:00;1;48.5367991028,2.65848729856
"{""type"": ""Point"", ""coordinates"": [2.456834072215874, 48.850607391467264]}";Les Rigollots (solution 1);101;metro 01;10101;ligne 1 à Val de Fontenay;arrêt;1;;1;0;0;1;;0;1;0;4;0;;1;48.8506073915,2.45683407222
"{""type"": ""Point"", ""coordinates"": [2.043870892307315, 48.93265089750572]}";Poissy-RER;319;Tram 13;31902;Tangentielle Ouest (Phase 2);arrêt;3;32;13;1;0;2;Poissy;0;1;0;7;0;;1;48.9326508975,2.04387089231
"{""type"": ""Point"", ""coordinates"": [2.386206654643861, 48.792891569307116]}";Musée Mac/Val;315;Tram 09;31501;T9 : Tramway Paris - Orly;arrêt;3;31;9;0;0;1;;1;0;0;9;1;2016-10-11T02:00:00+02:00;1;48.7928915693,2.38620665464
"{""type"": ""Point"", ""coordinates"": [2.661917489939139, 48.55112974844415]}";Voisenon;243;TZen2;24301;TZen2 : TCSP Melun - Sénart;arrêt;2;22;2;0;0;1;;1;0;0;8;1;2014-07-30T02:00:00+02:00;1;48.5511297484,2.66191748994
"{""type"": ""Point"", ""coordinates"": [2.465137511355815, 48.858132379243]}";Grands Pêchers;101;metro 01;10101;ligne 1 à Val de Fontenay;arrêt;1;;1;0;0;1;;0;1;0;4;0;;1;48.8581323792,2.46513751136
"{""type"": ""Point"", ""coordinates"": [2.412990897598093, 48.63016620325209]}";Orme à Martin;245;TZen4;24501;TZen4 : TCSP Ligne 402;arrêt;2;22;4;0;0;1;;1;0;0;8;1;2016-12-08T01:00:00+01:00;1;48.6301662033,2.4129908976
"{""type"": ""Point"", ""coordinates"": [2.40286032219126, 48.76844235887695]}";Verdun-Hoche;315;Tram 09;31501;T9 : Tramway Paris - Orly;arrêt;3;31;9;0;0;1;;1;0;0;9;1;2016-10-11T02:00:00+02:00;1;48.7684423589,2.40286032219
"{""type"": ""Point"", ""coordinates"": [2.39383827034194, 48.78300538549811]}";Constant Coquelin;315;Tram 09;31501;T9 : Tramway Paris - Orly;arrêt;3;31;9;0;0;1;;1;0;0;9;1;2016-10-11T02:00:00+02:00;1;48.7830053855,2.39383827034
"{""type"": ""Point"", ""coordinates"": [2.377876982990598, 48.75291373386483]}";;231;bus Senia - Orly;23101;TCSP Senia - Orly - secteur Sénia;arrêt;2;21;;0;0;1;Nord;0;1;0;4;0;;1;48.7529137339,2.37787698299
"{""type"": ""Point"", ""coordinates"": [1.675919673837269, 48.999480446520764]}";;214;bus Mantes la-Jolie;21401;TCSP Mantes-la-Jolie/Gare du Mantois;arrêt;2;21;;0;0;1;;1;0;0;4;0;;1;48.9994804465,1.67591967384
"{""type"": ""Point"", ""coordinates"": [2.449878075474416, 48.90631975874078]}";Bobigny - Pablo Picasso;115;metro 15 est;11503;ligne 15 - est - phase 1;arrêt;1;11;15;1;0;1;;1;0;0;7;1;2017-02-13T01:00:00+01:00;1;48.9063197587,2.44987807547
"{""type"": ""Point"", ""coordinates"": [2.405437151088781, 48.9141633449108]}";Fort d'Aubervilliers;115;metro 15 est;11503;ligne 15 - est - phase 1;arrêt;1;11;15;1;0;1;;1;0;0;7;1;2017-02-13T01:00:00+01:00;1;48.9141633449,2.40543715109
"{""type"": ""Point"", ""coordinates"": [2.270013915711885, 48.92837123974119]}";Champarons;301;Tram 01 - Colombes;30104;T1 Ouest : Asnières - Colombes;arrêt;3;31;1;0;0;4;;0;1;0;8;1;2015-07-07T02:00:00+02:00;1;48.9283712397,2.27001391571
"{""type"": ""Point"", ""coordinates"": [2.205239678937982, 48.950261384199436]}";Les Coudrées;201;bus entre Seine;20101;TCSP ABSC : Argenteuil - Bezons - Sartrouville;arrêt;2;21;;0;0;1;tracé principal;0;0;1;4;0;;1;48.9502613842,2.20523967894
"{""type"": ""Point"", ""coordinates"": [2.392533732398736, 48.82249566578436]}";Victor Hugo;246;TZen5;24601;TZen5 : TCSP Vallée de la Seine BFM - Choisy-le-Roi;arrêt;2;22;5;0;0;1;;1;0;0;7;1;2016-12-16T01:00:00+01:00;1;48.8224956658,2.3925337324
"{""type"": ""Point"", ""coordinates"": [2.381798513081306, 48.914171997253206]}";Mairie d'Aubervilliers;115;metro 15 est;11503;ligne 15 - est - phase 1;arrêt;1;11;15;0;0;1;;1;0;0;7;1;2017-02-13T01:00:00+01:00;1;48.9141719973,2.38179851308
"{""type"": ""Point"", ""coordinates"": [2.223111369283928, 48.927578107933165]}";Victor Hugo;201;bus entre Seine;20101;TCSP ABSC : Argenteuil - Bezons - Sartrouville;arrêt;2;21;;0;0;1;tracé principal;0;0;1;4;0;;1;48.9275781079,2.22311136928
"{""type"": ""Point"", ""coordinates"": [2.421038168855201, 48.7887200943693]}";Les Fusillés;246;TZen5;24601;TZen5 : TCSP Vallée de la Seine BFM - Choisy-le-Roi;arrêt;2;22;5;0;0;1;;1;0;0;7;1;2016-12-16T01:00:00+01:00;1;48.7887200944,2.42103816886
"{""type"": ""Point"", ""coordinates"": [2.395174867250693, 48.820483553706346]}";PVC - Vanzuppe;246;TZen5;24601;TZen5 : TCSP Vallée de la Seine BFM - Choisy-le-Roi;arrêt;2;22;5;0;0;1;;1;0;0;7;1;2016-12-16T01:00:00+01:00;1;48.8204835537,2.39517486725
"{""type"": ""Point"", ""coordinates"": [2.242832136647076, 48.9386105789472]}";Jean Moulin;201;bus entre Seine;20101;TCSP ABSC : Argenteuil - Bezons - Sartrouville;arrêt;2;21;;0;0;1;tracé principal;0;0;1;4;0;;1;48.9386105789,2.24283213665
"{""type"": ""Point"", ""coordinates"": [2.215860860098732, 48.7510232733389]}";Bièvres;318;Tram 12;31802;Tram-Train Massy - Versailles;arrêt;3;32;12;0;0;2;;1;0;0;4;0;;1;48.7510232733,2.2158608601
"{""type"": ""Point"", ""coordinates"": [2.39795251560111, 48.81810664373762]}";PVC - Lénine;246;TZen5;24601;TZen5 : TCSP Vallée de la Seine BFM - Choisy-le-Roi;arrêt;2;22;5;0;0;1;;1;0;0;7;1;2016-12-16T01:00:00+01:00;1;48.8181066437,2.3979525156
"{""type"": ""Point"", ""coordinates"": [2.245087799750691, 48.944213108302506]}";Calais;201;bus entre Seine;20101;TCSP ABSC : Argenteuil - Bezons - Sartrouville;arrêt;2;21;;0;0;1;tracé principal;0;0;1;4;0;;1;48.9442131083,2.24508779975
"{""type"": ""Point"", ""coordinates"": [2.481721179022134, 48.882726493410914]}";Rosny-Bois-Perrier;115;metro 15 est;11505;ligne 15 - est - phase 2;arrêt;1;11;15;1;1;2;;1;0;0;7;1;2017-02-13T01:00:00+01:00;1;48.8827264934,2.48172117902
"{""type"": ""Point"", ""coordinates"": [2.40831915225275, 48.80496096119816]}";Port à l'Anglais;246;TZen5;24601;TZen5 : TCSP Vallée de la Seine BFM - Choisy-le-Roi;arrêt;2;22;5;0;0;1;;1;0;0;7;1;2016-12-16T01:00:00+01:00;1;48.8049609612,2.40831915225
"{""type"": ""Point"", ""coordinates"": [2.249002921407166, 48.946674155311044]}";Hôtel de Ville;201;bus entre Seine;20101;TCSP ABSC : Argenteuil - Bezons - Sartrouville;arrêt;2;21;;0;0;1;tracé principal;0;0;1;4;0;;1;48.9466741553,2.24900292141
"{""type"": ""Point"", ""coordinates"": [2.173038214465203, 48.877139852414096]}";Bois Préau;301;Tram 01 - Rueil;30105;T1 Ouest : Nanterre - Rueil;arrêt;3;31;1;0;0;3;;0;1;0;5;0;;1;48.8771398524,2.17303821447
"{""type"": ""Point"", ""coordinates"": [2.378359900919451, 48.828795973031454]}";Grands Moulins;246;TZen5;24601;TZen5 : TCSP Vallée de la Seine BFM - Choisy-le-Roi;arrêt;2;22;5;1;1;1;;1;0;0;7;1;2016-12-16T01:00:00+01:00;1;48.828795973,2.37835990092
"{""type"": ""Point"", ""coordinates"": [2.537458329336403, 48.836084049585175]}";;202;bus Altival;20201;TCSP Altival;arrêt;2;21;NR;0;0;1;;1;0;0;7;0;;1;48.8360840496,2.53745832934
"{""type"": ""Point"", ""coordinates"": [2.36007380342241, 48.728378777601925]}";Orly Ouest;231;bus Senia - Orly;23101;TCSP Senia - Orly - secteur Aéroport d'Orly;arrêt;2;21;;1;1;1;;0;1;0;4;0;;1;48.7283787776,2.36007380342
"{""type"": ""Point"", ""coordinates"": [2.408893183736303, 48.76857585100092]}";Régnier-Marcailloux;246;TZen5;24601;TZen5 : TCSP Vallée de la Seine BFM - Choisy-le-Roi;arrêt;2;22;5;0;1;1;;1;0;0;7;1;2016-12-16T01:00:00+01:00;1;48.768575851,2.40889318374
"{""type"": ""Point"", ""coordinates"": [2.530973002503752, 48.81677679502634]}";;202;bus Altival;20201;TCSP Altival;arrêt;2;21;NR;0;0;1;;1;0;0;7;0;;1;48.816776795,2.5309730025
"{""type"": ""Point"", ""coordinates"": [1.700708477600502, 48.992988373432674]}";;214;bus Mantes la-Jolie;21401;TCSP Mantes-la-Jolie/Gare du Mantois;arrêt;2;21;;0;0;1;;1;0;0;4;0;;1;48.9929883734,1.7007084776
"{""type"": ""Point"", ""coordinates"": [2.383007785311604, 48.82573105067357]}";Porte de France;246;TZen5;24601;TZen5 : TCSP Vallée de la Seine BFM - Choisy-le-Roi;arrêt;2;22;5;1;0;1;;1;0;0;7;1;2016-12-16T01:00:00+01:00;1;48.8257310507,2.38300778531
"{""type"": ""Point"", ""coordinates"": [2.535688231057821, 48.806912311680605]}";;202;bus Altival;20201;TCSP Altival;arrêt;2;21;NR;0;0;1;;1;0;0;7;0;;1;48.8069123117,2.53568823106
"{""type"": ""Point"", ""coordinates"": [1.689769866786664, 48.99604720437312]}";;214;bus Mantes la-Jolie;21401;TCSP Mantes-la-Jolie/Gare du Mantois;arrêt;2;21;;0;0;1;;1;0;0;4;0;;1;48.9960472044,1.68976986679
"{""type"": ""Point"", ""coordinates"": [2.408269482608168, 48.77917599524221]}";Voltaire;246;TZen5;24601;TZen5 : TCSP Vallée de la Seine BFM - Choisy-le-Roi;arrêt;2;22;5;0;0;1;;1;0;0;7;1;2016-12-16T01:00:00+01:00;1;48.7791759952,2.40826948261
"{""type"": ""Point"", ""coordinates"": [2.536446499756459, 48.804057732670415]}";;202;bus Altival;20201;TCSP Altival;arrêt;2;21;NR;0;1;1;;1;0;0;7;0;;1;48.8040577327,2.53644649976
"{""type"": ""Point"", ""coordinates"": [1.671864665688475, 49.00024740120417]}";;214;bus Mantes la-Jolie;21401;TCSP Mantes-la-Jolie/Gare du Mantois;arrêt;2;21;;0;0;1;;1;0;0;4;0;;1;49.0002474012,1.67186466569
"{""type"": ""Point"", ""coordinates"": [2.230961125063005, 48.74018152105127]}";Igny;318;Tram 12;31802;Tram-Train Massy - Versailles;arrêt;3;32;12;0;0;2;;1;0;0;4;0;;1;48.7401815211,2.23096112506
"{""type"": ""Point"", ""coordinates"": [2.226591552937332, 48.91357461408119]}";Petit-Colombes;301;Tram 01 - Rueil;30105;T1 Ouest : Nanterre - Rueil;arrêt;3;31;1;1;1;3;;0;1;0;5;0;;1;48.9135746141,2.22659155294
"{""type"": ""Point"", ""coordinates"": [1.66889743600898, 49.00232387548113]}";;214;bus Mantes la-Jolie;21401;TCSP Mantes-la-Jolie/Gare du Mantois;arrêt;2;21;;0;0;1;;1;0;0;4;0;;1;49.0023238755,1.66889743601
"{""type"": ""Point"", ""coordinates"": [2.14683164475067, 48.77042520300474]}";Petit-Jouy-Les-Loges;318;Tram 12;31802;Tram-Train Massy - Versailles;arrêt;3;32;12;0;0;2;;1;0;0;4;0;;1;48.770425203,2.14683164475
"{""type"": ""Point"", ""coordinates"": [2.49035105075677, 48.85588741772446]}";Val de Fontenay (Nord-Est);101;metro 01;10101;ligne 1 à Val de Fontenay;arrêt;1;;1;1;1;1;;0;1;0;4;0;;1;48.8558874177,2.49035105076
"{""type"": ""Point"", ""coordinates"": [1.660789635822514, 49.00161389085607]}";;214;bus Mantes la-Jolie;21401;TCSP Mantes-la-Jolie/Gare du Mantois;arrêt;2;21;;0;0;1;;1;0;0;4;0;;1;49.0016138909,1.66078963582
"{""type"": ""Point"", ""coordinates"": [2.185353376302863, 48.920379373924355]}";Houilles - Carrières-sur-Seine;414;Train E - Ouest;41402;RER E à l'Ouest à Mantes-la-Jolie;arrêt;4;41;E;1;0;2;;0;1;0;9;1;;1;48.9203793739,2.1853533763
"{""type"": ""Point"", ""coordinates"": [2.189906137731128, 48.88321237568495]}";Auguste Neveu;301;Tram 01 - Rueil;30105;T1 Ouest : Nanterre - Rueil;arrêt;3;31;1;0;0;3;;0;1;0;5;0;;1;48.8832123757,2.18990613773
"{""type"": ""Point"", ""coordinates"": [2.319740313298555, 48.8186764099126]}";Mairie de Montrouge;102;metro 04;10202;ligne 4 à Bagneux;arrêt;1;11;4;1;1;2;;0;1;0;10;0;;1;48.8186764099,2.3197403133
"{""type"": ""Point"", ""coordinates"": [2.440439978057245, 48.84445639456911]}";Château de Vincennes;101;metro 01;10101;ligne 1 à Val de Fontenay;arrêt;1;11;1;1;1;1;;0;1;0;4;0;;1;48.8444563946,2.44043997806
"{""type"": ""Point"", ""coordinates"": [2.29697098046643, 48.88740446545301]}";Porte de Courcelles;305;Tram 03b - Ouest;30503;T3b : Porte d'Asnières - Porte Maillot;arrêt;3;31;3B;0;0;4;;0;1;0;7;0;;1;48.8874044655,2.29697098047
"{""type"": ""Point"", ""coordinates"": [2.228642685941071, 48.92975761311581]}";Général Delambre;201;bus entre Seine;20101;TCSP ABSC : Argenteuil - Bezons - Sartrouville;arrêt;2;21;;0;0;1;tracé principal;0;0;1;4;0;;1;48.9297576131,2.22864268594
"{""type"": ""Point"", ""coordinates"": [2.287915701970911, 48.88329106208635]}";Porte de Villiers;305;Tram 03b - Ouest;30503;T3b : Porte d'Asnières - Porte Maillot;arrêt;3;31;3B;0;0;4;;0;1;0;7;0;;1;48.8832910621,2.28791570197
"{""type"": ""Point"", ""coordinates"": [2.285444561006683, 48.88122018345893]}";Porte des Ternes;305;Tram 03b - Ouest;30503;T3b : Porte d'Asnières - Porte Maillot;arrêt;3;31;3B;0;0;4;;0;1;0;7;0;;1;48.8812201835,2.28544456101
"{""type"": ""Point"", ""coordinates"": [2.371124398584502, 48.7341219176015]}";Coeur d'Orly;231;bus Senia - Orly;23101;TCSP Senia - Orly - secteur Coeur d'Orly;arrêt;2;21;;1;0;1;;0;1;0;4;0;;1;48.7341219176,2.37112439858
"{""type"": ""Point"", ""coordinates"": [1.703484606104372, 48.98995821049735]}";Mantes-la-Jolie;214;Gare du Mantois;21401;TCSP Mantes-la-Jolie/Gare du Mantois;pôle multimodal;9;91;;1;1;1;;1;0;0;4;0;;1;48.9899582105,1.7034846061
"{""type"": ""Point"", ""coordinates"": [2.36992320100188, 48.73790249548762]}";Caroline Aigle - Orly fret;231;bus Senia - Orly;23101;TCSP Senia - Orly - secteur Coeur d'Orly;arrêt;2;21;;1;0;1;;0;1;0;4;0;;1;48.7379024955,2.369923201
"{""type"": ""Point"", ""coordinates"": [2.458562396656956, 48.850145157909736]}";Les Rigollots (solution 2);101;metro 01;10101;ligne 1 à Val de Fontenay;arrêt;1;;1;0;0;1;;0;1;0;4;0;;1;48.8501451579,2.45856239666
"{""type"": ""Point"", ""coordinates"": [2.054904696704209, 48.939173962122645]}";Poissy ZAC;319;Tram 13;31902;Tangentielle Ouest (Phase 2);arrêt;3;32;13;0;0;2;Poissy;0;1;0;7;0;;1;48.9391739621,2.0549046967
"{""type"": ""Point"", ""coordinates"": [2.374677794495525, 48.750401935873036]}";;231;bus Senia - Orly;23101;TCSP Senia - Orly - secteur Sénia;arrêt;2;21;;0;0;1;Nord;0;1;0;4;0;;1;48.7504019359,2.3746777945
"{""type"": ""Point"", ""coordinates"": [2.372585748389977, 48.65463315187456]}";Place de la Carpe;245;TZen4;24501;TZen4 : TCSP Ligne 402;arrêt;2;22;4;0;0;1;;1;0;0;8;1;2016-12-08T01:00:00+01:00;1;48.6546331519,2.37258574839
"{""type"": ""Point"", ""coordinates"": [2.383529873168741, 48.689344642385294]}";Juvisy-sur-Orge;908;Juvisy-sur-Orge;90801;pôle de Juvisy-sur-Orge;pôle multimodal;9;91;;1;0;;;0;0;1;9;0;;1;48.6893446424,2.38352987317
"{""type"": ""Point"", ""coordinates"": [2.34716800526054, 48.861909041119446]}";Châtelet - Les Halles;912;Châtelet - Les Halles;91201;pôle de Châtelet - Les Halles;pôle multimodal;9;91;;1;0;;;0;0;1;10;1;2011-01-28T01:00:00+01:00;1;48.8619090411,2.34716800526
"{""type"": ""Point"", ""coordinates"": [2.345517580628176, 48.935251497236]}";Saint-Denis;914;Saint-Denis;91401;pôle de Saint-Denis;pôle multimodal;9;91;;1;0;;;0;0;1;4;0;;1;48.9352514972,2.34551758063
"{""type"": ""Point"", ""coordinates"": [1.683650609807541, 49.00112878311145]}";;214;bus Mantes la-Jolie;21401;TCSP Mantes-la-Jolie/Gare du Mantois;arrêt;2;21;;0;0;1;;1;0;0;4;0;;1;49.0011287831,1.68365060981
"{""type"": ""Point"", ""coordinates"": [1.655433058706647, 49.00091061229763]}";;214;bus Mantes la-Jolie;21401;TCSP Mantes-la-Jolie/Gare du Mantois;arrêt;2;21;;0;0;1;;1;0;0;4;0;;1;49.0009106123,1.65543305871
"{""type"": ""Point"", ""coordinates"": [1.703484606104372, 48.98995821049735]}";;214;bus Mantes la-Jolie;21401;TCSP Mantes-la-Jolie/Gare du Mantois;arrêt;2;21;;1;1;1;;1;0;0;4;0;;1;48.9899582105,1.7034846061
"{""type"": ""Point"", ""coordinates"": [2.21528451648198, 48.92782760302956]}";La Grâce de Dieu;201;bus entre Seine;20101;TCSP ABSC : Argenteuil - Bezons - Sartrouville;arrêt;2;21;;0;0;1;tracé principal;0;0;1;4;0;;1;48.927827603,2.21528451648
"{""type"": ""Point"", ""coordinates"": [2.547422359958298, 48.84321247790619]}";;202;bus Altival;20201;TCSP Altival;arrêt;2;21;NR;0;0;1;;1;0;0;7;0;;1;48.8432124779,2.54742235996
"{""type"": ""Point"", ""coordinates"": [2.533329052283708, 48.83352795190999]}";;202;bus Altival;20201;TCSP Altival;arrêt;2;21;NR;0;0;1;;1;0;0;7;0;;1;48.8335279519,2.53332905228
"{""type"": ""Point"", ""coordinates"": [2.527685620181657, 48.82386564109536]}";;202;bus Altival;20201;TCSP Altival;arrêt;2;21;NR;0;0;1;;1;0;0;7;0;;1;48.8238656411,2.52768562018
"{""type"": ""Point"", ""coordinates"": [2.303368626223302, 48.88978327170822]}";Porte d'Asnières Marguerite Long;305;Tram 03b - Ouest;30503;T3 Porte Maillot - Dauphine;arrêt;3;31;3B;0;1;4;;0;1;0;7;0;;1;48.8897832717,2.30336862622
"{""type"": ""Point"", ""coordinates"": [2.470702083264408, 48.85388205079499]}";Verdun;101;metro 01;10101;ligne 1 à Val de Fontenay;arrêt;1;;1;0;0;1;;0;1;0;4;0;;1;48.8538820508,2.47070208326
"{""type"": ""Point"", ""coordinates"": [2.475635921024371, 48.85826682041305]}";Rue de la Fontaine;101;metro 01;10101;ligne 1 à Val de Fontenay;arrêt;1;;1;0;0;1;;0;1;0;4;0;;1;48.8582668204,2.47563592102
"{""type"": ""Point"", ""coordinates"": [2.487969751636002, 48.85242567336257]}";Val de Fontenay (Sud);101;metro 01;10101;ligne 1 à Val de Fontenay;arrêt;1;;1;1;1;1;;0;1;0;4;0;;1;48.8524256734,2.48796975164
"{""type"": ""Point"", ""coordinates"": [2.36995345506704, 48.92338853032184]}";Pressensé (mesures conservatoires);313;Tram 08;31302;T8 à Rosa Parks;arrêt;3;31;8;0;0;2;optionnelle;0;1;0;3;0;;1;48.9233885303,2.36995345507
"{""type"": ""Point"", ""coordinates"": [2.294360376177931, 48.70214147255915]}";Longjumeau;318;Tram 12;31801;Tram-Train Massy - Evry;arrêt;3;32;12;1;0;1;;1;0;0;9;1;2013-08-22T02:00:00+02:00;1;48.7021414726,2.29436037618
"{""type"": ""Point"", ""coordinates"": [2.415448100577441, 48.62213379457592]}";Delouvrier;318;Tram 12;31801;Tram-Train Massy - Evry;arrêt;3;32;12;0;0;1;;1;0;0;9;1;2013-08-22T02:00:00+02:00;1;48.6221337946,2.41544810058
"{""type"": ""Point"", ""coordinates"": [2.377741481106109, 48.90808243782025]}";Aimé Césaire;110;metro 12;11001;ligne 12 à Mairie d'Aubervilliers;arrêt;1;11;12;0;0;2;;0;1;0;9;1;2004-06-08T02:00:00+02:00;1;48.9080824378,2.37774148111
"{""type"": ""Point"", ""coordinates"": [2.318031246857528, 48.8026890773513]}";Bagneux;102;metro 04;10202;ligne 4 à Bagneux;arrêt;1;11;4;0;1;2;;0;1;0;10;1;;1;48.8026890774,2.31803124686
"{""type"": ""Point"", ""coordinates"": [2.44082220524926, 48.88313590212208]}";Place Carnot;109;metro 11 - RBP;10901;ligne 11 à Rosny-Bois-Perrier;arrêt;1;11;11;0;0;1;;0;1;0;9;1;2014-05-28T02:00:00+02:00;1;48.8831359021,2.44082220525
"{""type"": ""Point"", ""coordinates"": [2.094948285629467, 48.901716020520695]}";Saint-Germain-en-Laye;319;Tram 13;31901;Tangentielle Ouest (Phase 1);arrêt;3;32;13;1;1;1;;1;0;0;9;1;2014-02-03T01:00:00+01:00;1;48.9017160205,2.09494828563
"{""type"": ""Point"", ""coordinates"": [2.068519199525931, 48.872090287261216]}";L'Étang - Les Sablons;319;Tram 13;31901;Grande Ceinture Ouest;arrêt;3;32;13;0;0;1;;1;0;0;9;1;2014-02-03T01:00:00+01:00;1;48.8720902873,2.06851919953
"{""type"": ""Point"", ""coordinates"": [2.395341508371068, 48.633958974873146]}";Croizat;318;Tram 12;31801;Tram-Train Massy - Evry;arrêt;3;32;12;0;0;1;;1;0;0;9;1;2013-08-22T02:00:00+02:00;1;48.6339589749,2.39534150837
"{""type"": ""Point"", ""coordinates"": [2.282976188020841, 48.87793268655634]}";Porte Maillot;414;Train E - Ouest;41401;RER E à l'Ouest à Nanterre-la-Folie;arrêt;4;41;E;1;0;1;;0;1;0;9;1;;1;48.8779326866,2.28297618802
"{""type"": ""Point"", ""coordinates"": [2.366863735906966, 48.925983459552484]}";Casanova;313;Tram 08;31302;T8 à Rosa Parks;arrêt;3;31;8;0;0;2;;0;1;0;3;0;;1;48.9259834596,2.36686373591
"{""type"": ""Point"", ""coordinates"": [2.36249009360183, 48.91937508000686]}";Place des Droits de l'Homme;313;Tram 08;31302;T8 à Rosa Parks;arrêt;3;31;8;1;0;2;;0;1;0;3;0;;1;48.91937508,2.3624900936
"{""type"": ""Point"", ""coordinates"": [2.366428985231532, 48.91504251782028]}";Lycée de la Plaine;313;Tram 08;31302;T8 à Rosa Parks;arrêt;3;31;8;0;0;2;;0;1;0;3;0;;1;48.9150425178,2.36642898523
"{""type"": ""Point"", ""coordinates"": [2.370116999076993, 48.902099837261225]}";Porte d'Aubervilliers;313;Tram 08;31302;T8 à Rosa Parks;arrêt;3;31;8;0;0;2;;0;1;0;3;0;;1;48.9020998373,2.37011699908
"{""type"": ""Point"", ""coordinates"": [2.476775944706873, 48.809102498455]}";;206;bus Est TVM;20601;Est TVM;arrêt;2;21;;0;0;1;;1;0;0;7;1;2014-07-21T02:00:00+02:00;1;48.8091024985,2.47677594471
"{""type"": ""Point"", ""coordinates"": [2.474580139036832, 48.807344989269616]}";;206;bus Est TVM;20601;Est TVM;arrêt;2;21;;1;0;1;;1;0;0;7;1;2014-07-21T02:00:00+02:00;1;48.8073449893,2.47458013904
"{""type"": ""Point"", ""coordinates"": [2.453529562285057, 48.79025160929132]}";;206;bus Est TVM;20601;Est TVM;arrêt;2;21;;1;0;1;;1;0;0;7;1;2014-07-21T02:00:00+02:00;1;48.7902516093,2.45352956229
"{""type"": ""Point"", ""coordinates"": [2.455666435926541, 48.77756415953046]}";;206;bus Est TVM;20601;Est TVM;arrêt;2;21;;0;0;1;;1;0;0;7;1;2014-07-21T02:00:00+02:00;1;48.7775641595,2.45566643593
"{""type"": ""Point"", ""coordinates"": [2.463049676118934, 48.777804662752914]}";;206;bus Est TVM;20601;Est TVM;arrêt;2;21;;0;0;1;;1;0;0;7;1;2014-07-21T02:00:00+02:00;1;48.7778046628,2.46304967612
"{""type"": ""Point"", ""coordinates"": [2.467316584888427, 48.77794343445202]}";Place de l'Abbaye;206;bus Est TVM;20601;Est TVM;arrêt;2;21;;0;1;1;;1;0;0;7;1;2014-07-21T02:00:00+02:00;1;48.7779434345,2.46731658489
"{""type"": ""Point"", ""coordinates"": [2.371962954932882, 48.69852307789068]}";Pyramide;312;Tram 07;31202;T7 : Athis Mons - Juvisy (Phase 2);arrêt;3;31;7;0;0;2;;0;1;0;8;1;2013-11-27T01:00:00+01:00;1;48.6985230779,2.37196295493
"{""type"": ""Point"", ""coordinates"": [2.510691725801683, 48.82702250984156]}";;206;bus Est TVM;20601;Est TVM;arrêt;2;21;;0;0;1;;1;0;0;7;1;2014-07-21T02:00:00+02:00;1;48.8270225098,2.5106917258
"{""type"": ""Point"", ""coordinates"": [2.252691294125849, 48.79007344104897]}";Jardin Parisien;316;Tram 10;31601;T10 : Tramway Antony - Clamart;arrêt;3;31;10;0;0;1;;1;0;0;9;1;2016-10-11T02:00:00+02:00;1;48.790073441,2.25269129413
"{""type"": ""Point"", ""coordinates"": [2.45889334077635, 48.61374724901998]}";Lycée Robert Doisneau;245;TZen4;24501;TZen4 : TCSP Ligne 402;arrêt;2;22;4;0;0;1;;1;0;0;8;1;2016-12-08T01:00:00+01:00;1;48.613747249,2.45889334078
"{""type"": ""Point"", ""coordinates"": [2.209476623536397, 48.90511489837448]}";Archéologie;301;Tram 01 - Rueil;30105;T1 Ouest : Nanterre - Rueil;arrêt;3;31;1;0;0;3;;0;1;0;5;0;;1;48.9051148984,2.20947662354
"{""type"": ""Point"", ""coordinates"": [2.222631185459198, 48.91179173908494]}";Max Fourestier;301;Tram 01 - Rueil;30105;T1 Ouest : Nanterre - Rueil;arrêt;3;31;1;0;0;3;;0;1;0;5;0;;1;48.9117917391,2.22263118546
"{""type"": ""Point"", ""coordinates"": [2.324256032653556, 48.87576459402023]}";Saint-Lazare;114;metro 14 MSO;11402;ligne 14 - nord - phase 1 - Mairie de St-Ouen;arrêt;1;11;14;1;1;1;;0;1;0;9;1;2012-10-04T02:00:00+02:00;1;48.875764594,2.32425603265
"{""type"": ""Point"", ""coordinates"": [2.266826773953656, 48.93156536708485]}";Caillebotte;301;Tram 01 - Colombes;30104;T1 Ouest : Asnières - Colombes;arrêt;3;31;1;0;0;4;;0;1;0;8;1;2015-07-07T02:00:00+02:00;1;48.9315653671,2.26682677395
"{""type"": ""Point"", ""coordinates"": [2.228370382784683, 48.914376582654974]}";Petit-Colombes;301;Tram 01 - Colombes;30104;T1 Ouest : Asnières - Colombes;arrêt;3;31;1;1;1;4;;0;1;0;8;1;2015-07-07T02:00:00+02:00;1;48.9143765827,2.22837038278
"{""type"": ""Point"", ""coordinates"": [2.315176897304783, 48.88956082831536]}";Pont Cardinet;114;metro 14 MSO;11402;ligne 14 - nord - phase 1 - Mairie de St-Ouen;arrêt;1;11;14;1;0;1;;0;1;0;9;1;2012-10-04T02:00:00+02:00;1;48.8895608283,2.3151768973
"{""type"": ""Point"", ""coordinates"": [2.480511148060685, 48.88275159763063]}";Rosny-Bois-Perrier;109;metro 11 - RBP;10901;ligne 11 à Rosny-Bois-Perrier;arrêt;1;11;11;1;1;1;;0;1;0;9;1;2014-05-28T02:00:00+02:00;1;48.8827515976,2.48051114806
"{""type"": ""Point"", ""coordinates"": [2.391769440614176, 48.65224839735195]}";Grigny Coeur de Ville;245;TZen4;24501;TZen4 : TCSP Ligne 402;arrêt;2;22;4;0;0;1;;1;0;0;8;1;2016-12-08T01:00:00+01:00;1;48.6522483974,2.39176944061
"{""type"": ""Point"", ""coordinates"": [2.400557524245462, 48.651860044150574]}";Albert Camus;245;TZen4;24501;TZen4 : TCSP Ligne 402;arrêt;2;22;4;0;0;1;;1;0;0;8;1;2016-12-08T01:00:00+01:00;1;48.6518600442,2.40055752425
"{""type"": ""Point"", ""coordinates"": [2.412243812993197, 48.63296503966851]}";Marchais Guesdon;245;TZen4;24501;TZen4 : TCSP Ligne 402;arrêt;2;22;4;0;0;1;;1;0;0;8;1;2016-12-08T01:00:00+01:00;1;48.6329650397,2.41224381299
"{""type"": ""Point"", ""coordinates"": [1.983143352086497, 48.98144596941028]}";Vernouillet-Verneuil;414;Train E - Ouest;41402;RER E à l'Ouest à Mantes-la-Jolie;arrêt;4;41;E;1;0;2;;0;1;0;9;1;;1;48.9814459694,1.98314335209
"{""type"": ""Point"", ""coordinates"": [2.280026062741272, 48.70850079293165]}";Champlan;318;Tram 12;31801;Tram-Train Massy - Evry;arrêt;3;32;12;0;0;1;;1;0;0;9;1;2013-08-22T02:00:00+02:00;1;48.7085007929,2.28002606274
"{""type"": ""Point"", ""coordinates"": [2.373577389326762, 48.74727344550141]}";Pont de Rungis;231;bus Senia - Orly;23101;TCSP Senia - Orly - secteur Sénia;arrêt;2;21;;1;0;1;;0;1;0;4;0;;1;48.7472734455,2.37357738933
"{""type"": ""Point"", ""coordinates"": [2.387967857818468, 48.756835265978424]}";Thiais - Carrefour de la Résistance;231;bus Senia - Orly;23101;TCSP Senia - Orly - secteur Sénia;arrêt;2;21;;0;1;1;;0;1;0;4;0;;1;48.756835266,2.38796785782
"{""type"": ""Point"", ""coordinates"": [2.081743983863536, 48.91394945960637]}";Camp des Loges;319;Tram 13;31901;Tangentielle Ouest (Phase 1);arrêt;3;32;13;0;0;1;;1;0;0;9;1;2014-02-03T01:00:00+01:00;1;48.9139494596,2.08174398386
"{""type"": ""Point"", ""coordinates"": [2.541967125271947, 48.84091519220712]}";;206;bus Est TVM;20601;Est TVM;arrêt;2;21;;0;0;1;;1;0;0;7;1;2014-07-21T02:00:00+02:00;1;48.8409151922,2.54196712527
"{""type"": ""Point"", ""coordinates"": [2.420049194667069, 48.89454890760492]}";Ernest Renan;244;TZen3;24401;TZen3 : TCSP RN3;arrêt;2;22;3;0;0;1;;1;0;0;8;1;2016-12-15T01:00:00+01:00;1;48.8945489076,2.42004919467
"{""type"": ""Point"", ""coordinates"": [2.512341221036676, 48.91057574547151]}";Victor Hugo;244;TZen3;24401;TZen3 : TCSP RN3;arrêt;2;22;3;0;0;1;;1;0;0;8;1;2016-12-15T01:00:00+01:00;1;48.9105757455,2.51234122104
"{""type"": ""Point"", ""coordinates"": [2.582741812177059, 48.59525641353394]}";Place du 19 mai 1982;243;TZen2;24301;TZen2 : TCSP Melun - Sénart;arrêt;2;22;2;1;0;1;;1;0;0;8;1;2014-07-30T02:00:00+02:00;1;48.5952564135,2.58274181218
"{""type"": ""Point"", ""coordinates"": [2.640571350060405, 48.555190129689095]}";Hôpital;243;TZen2;24301;TZen2 : TCSP Melun - Sénart;arrêt;2;22;2;0;0;1;;1;0;0;8;1;2014-07-30T02:00:00+02:00;1;48.5551901297,2.64057135006
"{""type"": ""Point"", ""coordinates"": [2.653763444838978, 48.55303492387048]}";Montaigu;243;TZen2;24301;TZen2 : TCSP Melun - Sénart;arrêt;2;22;2;0;0;1;;1;0;0;8;1;2014-07-30T02:00:00+02:00;1;48.5530349239,2.65376344484
"{""type"": ""Point"", ""coordinates"": [2.657273123949179, 48.55077161708923]}";3 horloges;243;TZen2;24301;TZen2 : TCSP Melun - Sénart;arrêt;2;22;2;0;0;1;;1;0;0;8;1;2014-07-30T02:00:00+02:00;1;48.5507716171,2.65727312395
"{""type"": ""Point"", ""coordinates"": [2.662579882568005, 48.545982531377334]}";Castors;243;TZen2;24301;TZen2 : TCSP Melun - Sénart;arrêt;2;22;2;0;0;1;;1;0;0;8;1;2014-07-30T02:00:00+02:00;1;48.5459825314,2.66257988257
"{""type"": ""Point"", ""coordinates"": [2.658555541879073, 48.53260003090529]}";Chapu;243;TZen2;24301;TZen2 : TCSP Melun - Sénart;arrêt;2;22;2;0;0;1;;1;0;0;8;1;2014-07-30T02:00:00+02:00;1;48.5326000309,2.65855554188
"{""type"": ""Point"", ""coordinates"": [2.634261200971766, 48.56079880437684]}";PA Konrad Adenauer;243;TZen2;24301;TZen2 : TCSP Melun - Sénart;arrêt;2;22;2;0;0;1;;1;0;0;8;1;2014-07-30T02:00:00+02:00;1;48.5607988044,2.63426120097
"{""type"": ""Point"", ""coordinates"": [2.370573515705495, 48.81261035906347]}";Pierre et Marie Curie;315;Tram 09;31501;T9 : Tramway Paris - Orly;arrêt;3;31;9;0;0;1;;1;0;0;9;1;2016-10-11T02:00:00+02:00;1;48.8126103591,2.37057351571
"{""type"": ""Point"", ""coordinates"": [2.374914365136765, 48.80721521703156]}";Barbusse;315;Tram 09;31501;T9 : Tramway Paris - Orly;arrêt;3;31;9;0;0;1;;1;0;0;9;1;2016-10-11T02:00:00+02:00;1;48.807215217,2.37491436514
"{""type"": ""Point"", ""coordinates"": [2.388235140336683, 48.790428594523135]}";Hôtel de Ville de Vitry;315;Tram 09;31501;T9 : Tramway Paris - Orly;arrêt;3;31;9;0;0;1;;1;0;0;9;1;2016-10-11T02:00:00+02:00;1;48.7904285945,2.38823514034
"{""type"": ""Point"", ""coordinates"": [2.391991455496113, 48.785672135107674]}";Camille Groult;315;Tram 09;31501;T9 : Tramway Paris - Orly;arrêt;3;31;9;0;0;1;;1;0;0;9;1;2016-10-11T02:00:00+02:00;1;48.7856721351,2.3919914555
"{""type"": ""Point"", ""coordinates"": [2.416310684115668, 48.746964121656866]}";Les Saules;315;Tram 09;31501;T9 : Tramway Paris - Orly;arrêt;3;31;9;1;0;1;;1;0;0;9;1;2016-10-11T02:00:00+02:00;1;48.7469641217,2.41631068412
"{""type"": ""Point"", ""coordinates"": [2.408689364080065, 48.74504969416257]}";Orly-Gaston Viens;315;Tram 09;31501;T9 : Tramway Paris - Orly;arrêt;3;31;9;0;1;1;;1;0;0;9;1;2016-10-11T02:00:00+02:00;1;48.7450496942,2.40868936408
"{""type"": ""Point"", ""coordinates"": [2.363391040358505, 48.91801922792377]}";Stade de France;115;metro 15 est;11503;ligne 15 - est - phase 1;arrêt;1;11;15;1;0;1;;1;0;0;7;1;2017-02-13T01:00:00+01:00;1;48.9180192279,2.36339104036
"{""type"": ""Point"", ""coordinates"": [2.494782547107806, 48.8386337346507]}";Nogent-Le-Perreux;115;metro 15 est;11505;ligne 15 - est - phase 2;arrêt;1;11;15;1;0;2;;1;0;0;7;1;2017-02-13T01:00:00+01:00;1;48.8386337347,2.49478254711
"{""type"": ""Point"", ""coordinates"": [2.470467209269561, 48.90540166054251]}";Pont de Bondy;115;metro 15 est;11503;ligne 15 - est - phase 1;arrêt;1;11;15;1;0;1;;1;0;0;7;1;2017-02-13T01:00:00+01:00;1;48.9054016605,2.47046720927
"{""type"": ""Point"", ""coordinates"": [2.481721179022134, 48.882726493410914]}";Rosny-Bois-Perrier;115;metro 15 est;11503;ligne 15 - est - phase 1;arrêt;1;11;15;1;1;1;;1;0;0;7;1;2017-02-13T01:00:00+01:00;1;48.8827264934,2.48172117902
"{""type"": ""Point"", ""coordinates"": [2.381199320597601, 48.82611248961836]}";Porte de France;246;TZen5;24601;TZen5 : TCSP Vallée de la Seine BFM - Choisy-le-Roi;arrêt;2;22;5;1;0;1;;1;0;0;7;1;2016-12-16T01:00:00+01:00;1;48.8261124896,2.3811993206
"{""type"": ""Point"", ""coordinates"": [2.389274057343866, 48.82478474148931]}";Bruneseau Marcel Boyer;246;TZen5;24601;TZen5 : TCSP Vallée de la Seine BFM - Choisy-le-Roi;arrêt;2;22;5;0;0;1;;1;0;0;7;1;2016-12-16T01:00:00+01:00;1;48.8247847415,2.38927405734
"{""type"": ""Point"", ""coordinates"": [2.404966068740948, 48.81240216016825]}";Maurice Gunsbourg;246;TZen5;24601;TZen5 : TCSP Vallée de la Seine BFM - Choisy-le-Roi;arrêt;2;22;5;0;0;1;;1;0;0;7;1;2016-12-16T01:00:00+01:00;1;48.8124021602,2.40496606874
"{""type"": ""Point"", ""coordinates"": [2.406943625463806, 48.80899262049623]}";Baignade;246;TZen5;24601;TZen5 : TCSP Vallée de la Seine BFM - Choisy-le-Roi;arrêt;2;22;5;0;0;1;;1;0;0;7;1;2016-12-16T01:00:00+01:00;1;48.8089926205,2.40694362546
"{""type"": ""Point"", ""coordinates"": [2.257515004584036, 48.72472914443167]}";Massy - Palaiseau;318;Tram 12;31802;Tram-Train Massy - Versailles;arrêt;3;32;12;1;1;2;;1;0;0;4;0;;1;48.7247291444,2.25751500458
"{""type"": ""Point"", ""coordinates"": [2.163947085881832, 48.76477601295291]}";Jouy-en-Josas;318;Tram 12;31802;Tram-Train Massy - Versailles;arrêt;3;32;12;0;0;2;;1;0;0;4;0;;1;48.764776013,2.16394708588
"{""type"": ""Point"", ""coordinates"": [2.192135811302312, 48.7591889832108]}";Vauboyen;318;Tram 12;31802;Tram-Train Massy - Versailles;arrêt;3;32;12;0;0;2;;1;0;0;4;0;;1;48.7591889832,2.1921358113
"{""type"": ""Point"", ""coordinates"": [2.365973884353271, 48.9065790566868]}";Front Populaire;110;metro 12;11001;ligne 12 à Mairie d'Aubervilliers;arrêt;1;11;12;1;1;2;;0;1;0;9;1;;1;48.9065790567,2.36597388435
"{""type"": ""Point"", ""coordinates"": [2.184929992465154, 48.88144392542179]}";Caserne des Suisses;301;Tram 01 - Rueil;30105;T1 Ouest : Nanterre - Rueil;arrêt;3;31;1;0;0;3;;0;1;0;5;0;;1;48.8814439254,2.18492999247
"{""type"": ""Point"", ""coordinates"": [2.179465759176746, 48.87950186418014]}";Rueil-Malmaison Mairie;301;Tram 01 - Rueil;30105;T1 Ouest : Nanterre - Rueil;arrêt;3;31;1;0;0;3;;0;1;0;5;0;;1;48.8795018642,2.17946575918
"{""type"": ""Point"", ""coordinates"": [2.284127995478584, 48.87816009988948]}";Porte Maillot;305;Tram 03b - Ouest;30503;T3b : Porte Maillot - Dauphine;arrêt;3;31;3B;1;0;4;;0;1;0;7;0;;1;48.8781600999,2.28412799548
"{""type"": ""Point"", ""coordinates"": [2.369547482804591, 48.74259152669092]}";Coeur d'Orly Nord;231;bus Senia - Orly;23101;TCSP Senia - Orly - secteur Coeur d'Orly;arrêt;2;21;;0;0;1;;0;1;0;4;0;;1;48.7425915267,2.3695474828
"{""type"": ""Point"", ""coordinates"": [2.361909777329944, 48.72864274182001]}";Orly Ouest;231;bus Senia - Orly;23101;TCSP Senia - Orly - secteur Aéroport d'Orly -simple;arrêt;2;21;;1;1;1;;0;1;0;4;0;;1;48.7286427418,2.36190977733
"{""type"": ""Point"", ""coordinates"": [2.489111911989169, 48.85430865306857]}";Val de Fontenay;906;Val de Fontenay;90601;pôle de Val de Fontenay;pôle multimodal;9;91;;1;0;;;0;0;1;4;0;;1;48.8543086531,2.48911191199
"{""type"": ""Point"", ""coordinates"": [1.686957320596895, 48.999231049078176]}";;214;bus Mantes la-Jolie;21401;TCSP Mantes-la-Jolie/Gare du Mantois;arrêt;2;21;;0;0;1;;1;0;0;4;0;;1;48.9992310491,1.6869573206
"{""type"": ""Point"", ""coordinates"": [1.646594700858967, 49.00005804649289]}";;214;bus Mantes la-Jolie;21401;TCSP Mantes-la-Jolie/Gare du Mantois;arrêt;2;21;;0;1;1;;1;0;0;4;0;;1;49.0000580465,1.64659470086
"{""type"": ""Point"", ""coordinates"": [2.206290282873555, 48.94635463593807]}";Berry;201;bus entre Seine;20101;TCSP ABSC : Argenteuil - Bezons - Sartrouville;arrêt;2;21;;0;0;1;tracé principal;0;0;1;4;0;;1;48.9463546359,2.20629028287
"{""type"": ""Point"", ""coordinates"": [2.2068662946825, 48.940896430889076]}";Val Notre-Dame;201;bus entre Seine;20101;TCSP ABSC : Argenteuil - Bezons - Sartrouville;arrêt;2;21;;0;0;1;tracé principal;0;0;1;4;0;;1;48.9408964309,2.20686629468
"{""type"": ""Point"", ""coordinates"": [2.233660750290123, 48.93246693945663]}";Avenue du Marais;201;bus entre Seine;20101;TCSP ABSC : Argenteuil - Bezons - Sartrouville;arrêt;2;21;;0;0;1;tracé principal;0;0;1;4;0;;1;48.9324669395,2.23366075029
"{""type"": ""Point"", ""coordinates"": [2.238662623183228, 48.935425234428955]}";Place du 11 novembre;201;bus entre Seine;20101;TCSP ABSC : Argenteuil - Bezons - Sartrouville;arrêt;2;21;;0;0;1;tracé principal;0;0;1;4;0;;1;48.9354252344,2.23866262318
"{""type"": ""Point"", ""coordinates"": [2.243366653838123, 48.94255039979406]}";Clément Ader;201;bus entre Seine;20101;TCSP ABSC : Argenteuil - Bezons - Sartrouville;arrêt;2;21;;0;0;1;tracé principal;0;0;1;4;0;;1;48.9425503998,2.24336665384
"{""type"": ""Point"", ""coordinates"": [2.550318505699963, 48.84084717366274]}";Noisy-le-Grand;202;bus Altival;20201;TCSP Altival;arrêt;2;21;NR;0;1;1;;1;0;0;7;0;;1;48.8408471737,2.5503185057
"{""type"": ""Point"", ""coordinates"": [2.542861551684274, 48.84194890685041]}";;202;bus Altival;20201;TCSP Altival;arrêt;2;21;NR;0;0;1;;1;0;0;7;0;;1;48.8419489069,2.54286155168
"{""type"": ""Point"", ""coordinates"": [2.545808719007578, 48.83840204614606]}";;202;bus Altival;20201;TCSP Altival;arrêt;2;21;NR;0;0;1;;1;0;0;7;0;;1;48.8384020461,2.54580871901
"{""type"": ""Point"", ""coordinates"": [2.542125754870841, 48.8396876842045]}";;202;bus Altival;20201;TCSP Altival;arrêt;2;21;NR;0;0;1;;1;0;0;7;0;;1;48.8396876842,2.54212575487
"{""type"": ""Point"", ""coordinates"": [2.538397474899335, 48.837941276341994]}";;202;bus Altival;20201;TCSP Altival;arrêt;2;21;NR;0;0;1;;1;0;0;7;0;;1;48.8379412763,2.5383974749
"{""type"": ""Point"", ""coordinates"": [2.529306096372643, 48.820200654593016]}";;202;bus Altival;20201;TCSP Altival;arrêt;2;21;NR;0;0;1;;1;0;0;7;0;;1;48.8202006546,2.52930609637
