Latitude;Longitude;Num Ligne;rang;Type;Nom_Station;trafic_2018;trafic_2019;trafic_2020;correspondance_1;correspondance_2;correspondance_3;correspondance_4;correspondance_5;ville;arrondissement_pour_paris;;annee;traffic total
48.884594208;2.33794977706;12;260;Metro;ABBESSES;2450498;2349588;854658;12;Pas de correspondance;Pas de correspondance;Pas de correspondance;Pas de correspondance;Paris;18;;2018;1812291477
48.8281884763;2.32716464961;4;107;Metro;ALESIA;5113245;4764374;2204961;4;Pas de correspondance;Pas de correspondance;Pas de correspondance;Pas de correspondance;Paris;14;;2019;1759998470
48.8563773572;2.39456194456;2;129;Metro;ALEXANDRE DUMAS;3668682;3439879;1849785;2;Pas de correspondance;Pas de correspondance;Pas de correspondance;Pas de correspondance;Paris;11;;2020;898305894
48.864766845;2.3009910035;9;170;Metro;ALMA-MARCEAU;4561735;4382709;1547789;9;Pas de correspondance;Pas de correspondance;Pas de correspondance;Pas de correspondance;Paris;8;;;
48.7549465264;2.30098685572;"ORLYVAL; RER B";18;RER;ANTONY;6365395;6304424;2790880;RER B;ORLYVAL;Pas de correspondance;Pas de correspondance;Pas de correspondance;Antony;;;;
48.8828686476;2.34413063372;2;88;Metro;ANVERS;6047635;5643147;2450333;2;Pas de correspondance;Pas de correspondance;Pas de correspondance;Pas de correspondance;Paris;18;;;
48.9037599302;2.39228705964;;27;Metro;AUBERVILLIERS-PANTIN-QUATRE CHEMINS;7785492;7215915;4131018;7;Pas de correspondance;Pas de correspondance;Pas de correspondance;Pas de correspondance;Aubervilliers;;;;
48.8470195819;2.29542047803;10;264;Metro;AVENUE EMILE ZOLA;1506963;1479759;823178;10;Pas de correspondance;Pas de correspondance;Pas de correspondance;Pas de correspondance;Paris;15;;;
48.8515102782;2.39830234427;2;238;Metro;AVRON;2038056;1871024;1034013;2;Pas de correspondance;Pas de correspondance;Pas de correspondance;Pas de correspondance;Paris;11;;;
48.7933362962;2.32220163367;RER B;43;RER;BAGNEUX;2388018;2241461;1323158;RER B;Pas de correspondance;Pas de correspondance;Pas de correspondance;Pas de correspondance;Cachan;;;;
48.8359308792;2.27816167128;8;71;Metro;BALARD;6028656;5626040;2643639;8;Pas de correspondance;Pas de correspondance;Pas de correspondance;Pas de correspondance;Paris;15;;;
48.8838039424;2.35061300069;"2; 4";40;Metro;BARBES-ROCHECHOUART;9337425;7974496;3530780;2;4;Pas de correspondance;Pas de correspondance;Pas de correspondance;Paris;18;;;
48.9365268526;2.35939826103;"13; T1";76;Metro;BASILIQUE DE SAINT-DENIS;4894705;4311590;2616421;13;T1;13;Pas de correspondance;Pas de correspondance;Saint Denis;;;;
48.8524794228;2.36932058493;"1; 5; 8";10;Metro;BASTILLE;13172392;13151192;6084635;1;5;8;Pas de correspondance;Pas de correspondance;Paris;12;;;
48.8413382509;2.40091853812;6;224;Metro;BEL AIR;2406187;2247926;1168869;6;Pas de correspondance;Pas de correspondance;Pas de correspondance;Pas de correspondance;Paris;12;;;
48.8718487938;2.37659368274;"2; 11";12;Metro;BELLEVILLE;11755857;10735544;5680933;2;11;Pas de correspondance;Pas de correspondance;Pas de correspondance;Paris;10;;;
48.8454707076;2.42920516635;1;114;Metro;BERAULT;3182589;3656859;2112213;1;Pas de correspondance;Pas de correspondance;Pas de correspondance;Pas de correspondance;Vincennes;;;;
48.8390812802;2.38302808115;"6;14";51;Metro;BERCY;6700350;6311543;3189247;6;14;Pas de correspondance;Pas de correspondance;Pas de correspondance;Paris;12;;;
48.8298750437;2.37669589214;"RER C; 14";6;Metro;BIBLIOTHEQUE;18770034;19754334;10002396;14;RER C;Pas de correspondance;Pas de correspondance;Pas de correspondance;Paris;13;;;
48.8321105601;2.23863934858;9;173;Metro;BILLANCOURT;3348058;3099341;1525990;9;Pas de correspondance;Pas de correspondance;Pas de correspondance;Pas de correspondance;Boulogne Billancourt;;;;
48.8539426071;2.28933453277;6;70;Metro;BIR-HAKEIM;8772981;6903648;2644407;6;Pas de correspondance;Pas de correspondance;Pas de correspondance;Pas de correspondance;Paris;15;;;
48.8839585735;2.33192659089;2;152;Metro;BLANCHE;4120807;3893362;1680852;2;Pas de correspondance;Pas de correspondance;Pas de correspondance;Pas de correspondance;Paris;9;;;
48.9063747703;2.44918990449;"5; T1";20;Metro;BOBIGNY-PABLO PICASSO;8262452;7879929;4752569;5;T1;Pas de correspondance;Pas de correspondance;Pas de correspondance;Bobigny;;;;
48.895454673;2.4253268888;5;143;Metro;BOBIGNY-PANTIN-RAYMOND QUENEAU;2957528;2951030;1726493;5;Pas de correspondance;Pas de correspondance;Pas de correspondance;Pas de correspondance;Pantin;;;;
48.8669831104;2.29005883493;6;249;Metro;BOISSIERE;2180159;1919511;925034;6;Pas de correspondance;Pas de correspondance;Pas de correspondance;Pas de correspondance;Paris;16;;;
48.7521857235;2.50455983832;RER A;37;RER;BOISSY-SAINT-LEGER;2810996;2837635;1791386;RER A;Pas de correspondance;Pas de correspondance;Pas de correspondance;Pas de correspondance;Boissy-Saint-Leger;;;;
48.8808212614;2.37414715384;7bis;297;Metro;BOLIVAR;575968;546780;278933;7bis;Pas de correspondance;Pas de correspondance;Pas de correspondance;Pas de correspondance;Paris;19;;;
48.8701642009;2.35049797186;"8;9";101;Metro;BONNE NOUVELLE;5025192;4583027;2254643;8;9;Pas de correspondance;Pas de correspondance;Pas de correspondance;Paris;10;;;
48.8794817719;2.38911580738;7bis;291;Metro;BOTZARIS;1016993;993450;511339;7bis;Pas de correspondance;Pas de correspondance;Pas de correspondance;Pas de correspondance;Paris;19;;;
48.8410940563;2.2879457665;8;141;Metro;BOUCICAUT;3403615;3152108;1734347;8;Pas de correspondance;Pas de correspondance;Pas de correspondance;Pas de correspondance;Paris;15;;;
48.8420053473;2.23888732579;10;121;Metro;BOULOGNE-JEAN JAURES;3963135;3785458;2016202;10;Pas de correspondance;Pas de correspondance;Pas de correspondance;Pas de correspondance;Boulogne Billancourt;;;;
48.8407450152;2.2285369815;10;162;Metro;BOULOGNE-PONT DE SAINT-CLOUD;3358482;3145907;1588193;10;Pas de correspondance;Pas de correspondance;Pas de correspondance;Pas de correspondance;Boulogne Billancourt;;;;
48.7803137964;2.31230771689;RER B;23;RER;BOURG-LA-REINE;4595817;4446499;2409369;RER B;Pas de correspondance;Pas de correspondance;Pas de correspondance;Pas de correspondance;Bourg la Reine;;;;
48.8686959778;2.34072072367;3;183;Metro;BOURSE;3596746;3386481;1417882;3;Pas de correspondance;Pas de correspondance;Pas de correspondance;Pas de correspondance;Paris;2;;;
48.8561407093;2.37020933841;5;243;Metro;BREGUET-SABIN;2351237;1791352;1003059;5;Pas de correspondance;Pas de correspondance;Pas de correspondance;Pas de correspondance;Paris;11;;;
48.8905871866;2.32017475579;13;208;Metro;BROCHANT;3418061;2984525;1227003;13;Pas de correspondance;Pas de correspondance;Pas de correspondance;Pas de correspondance;Paris;17;;;
48.8449011387;2.52592254657;RER A;41;RER;BRY-SUR-MARNE;2304182;2450013;1458444;RER A;Pas de correspondance;Pas de correspondance;Pas de correspondance;Pas de correspondance;Bry-sur-Marne;;;;
48.6962527469;2.16437824279;RER B;61;RER;BURES-SUR-YVETTE;726989;653313;333714;RER B;Pas de correspondance;Pas de correspondance;Pas de correspondance;Pas de correspondance;Bures sur Yvette;;;;
48.8365364329;2.70898174226;RER A;33;RER;BUSSY-SAINT-GEORGES;3235459;3298143;1897477;RER A;Pas de correspondance;Pas de correspondance;Pas de correspondance;Pas de correspondance;Bussy-Saint-Georges;;;;
48.8785141131;2.38161451194;7bis;300;Metro;BUTTES-CHAUMONT;560675;545750;242027;7bis;Pas de correspondance;Pas de correspondance;Pas de correspondance;Pas de correspondance;Paris;19;;;
48.851812133;2.40102227052;9;234;Metro;BUZENVAL;2071421;1941769;1080500;9;Pas de correspondance;Pas de correspondance;Pas de correspondance;Pas de correspondance;Paris;20;;;
48.8758906819;2.34412603046;7;204;Metro;CADET;3338778;3042484;1240692;7;Pas de correspondance;Pas de correspondance;Pas de correspondance;Pas de correspondance;Paris;9;;;
48.8475070811;2.30296829919;6;167;Metro;CAMBRONNE;3286006;2524418;1567953;6;Pas de correspondance;Pas de correspondance;Pas de correspondance;Pas de correspondance;Paris;15;;;
48.8354953554;2.3588234891;5;282;Metro;CAMPO-FORMIO;1369978;1335450;664119;5;Pas de correspondance;Pas de correspondance;Pas de correspondance;Pas de correspondance;Paris;13;;;
48.8466568513;2.35162325638;10;280;Metro;CARDINAL LEMOINE;1753554;1663781;710141;10;Pas de correspondance;Pas de correspondance;Pas de correspondance;Pas de correspondance;Paris;5;;;
48.9195730741;2.34330593051;13;215;Metro;CARREFOUR PLEYEL;2657021;2473446;1205747;13;Pas de correspondance;Pas de correspondance;Pas de correspondance;Pas de correspondance;Saint Denis;;;;
48.8404866526;2.35173948717;7;169;Metro;CENSIER-DAUBENTON;3514620;3385284;1557698;7;Pas de correspondance;Pas de correspondance;Pas de correspondance;Pas de correspondance;Paris;6;;;
48.8069850716;2.51030723712;RER A;27;RER;CHAMPIGNY;3597213;3588881;2209619;RER A;Pas de correspondance;Pas de correspondance;Pas de correspondance;Pas de correspondance;Saint-Maur des Fosses;;;;
48.8676021452;2.31389412912;"1; 13";140;Metro;CHAMPS-ELYSEES-CLEMENCEAU;4113353;4006171;1735350;1;13;Pas de correspondance;Pas de correspondance;Pas de correspondance;Paris;8;;;
48.8452047036;2.26644154308;10;296;Metro;CHARDON-LAGACHE;718908;692665;331901;10;Pas de correspondance;Pas de correspondance;Pas de correspondance;Pas de correspondance;Paris;16;;;
48.8215957673;2.41373751752;8;155;Metro;CHARENTON-ECOLES;3132036;2984929;1654160;8;Pas de correspondance;Pas de correspondance;Pas de correspondance;Pas de correspondance;Charenton;;;;
48.8751498197;2.29590490608;"1; 2; 6";53;Metro;CHARLES DE GAULLE-ETOILE;8181646;7296559;3152200;1;2;6;Pas de correspondance;Pas de correspondance;Paris;8;;;
48.8742384767;2.29449059283;A;10;RER;CHARLES DE GAULLE-ETOILE-RER;9186375;9385991;4070214;RER A;Pas de correspondance;Pas de correspondance;Pas de correspondance;Pas de correspondance;Paris;17;;;
48.8465346367;2.28599922342;10;108;Metro;CHARLES MICHELS;4865336;4601730;2198392;10;Pas de correspondance;Pas de correspondance;Pas de correspondance;Pas de correspondance;Paris;15;;;
48.8545804991;2.38556348082;9;134;Metro;CHARONNE;4174673;3652338;1815517;9;Pas de correspondance;Pas de correspondance;Pas de correspondance;Pas de correspondance;Paris;12;;;
48.8444563946;2.44043997806;1;34;Metro;CHATEAU DE VINCENNES;5544176;6353285;3735738;1;Pas de correspondance;Pas de correspondance;Pas de correspondance;Pas de correspondance;Vincennes;;;;
48.8724249145;2.35604490767;4;117;Metro;CHATEAU D'EAU;4439398;3878260;2069680;4;Pas de correspondance;Pas de correspondance;Pas de correspondance;Pas de correspondance;Paris;10;;;
48.8873749106;2.3496940822;4;19;Metro;CHATEAU ROUGE;7053570;7306788;4761367;4;Pas de correspondance;Pas de correspondance;Pas de correspondance;Pas de correspondance;Paris;18;;;
48.8785656258;2.36216007192;7;242;Metro;CHATEAU-LANDON;1779651;1759434;1009087;7;Pas de correspondance;Pas de correspondance;Pas de correspondance;Pas de correspondance;Paris;10;;;
48.8570599663;2.34771187993;"14; 11;7; 4";11;Metro;CHATELET;12505675;10766712;6030558;1;4;7;11;14;Paris;1;;;
48.8618222746;2.34701268722;"RER A; RER B; RER D";3;RER;CHATELET-LES HALLES-RER;33424797;33581162;18301464;RER A;RER B;RER D;Pas de correspondance;Pas de correspondance;Paris;1;;;
48.8106010945;2.30035747443;"13; T6";33;Metro;CHATILLON-MONTROUGE;7574425;7196503;3738453;13;T6;Pas de correspondance;Pas de correspondance;Pas de correspondance;Chatillon;;;;
48.8852112182;2.1559034719;RER A;46;RER;CHATOU-CROISSY;2365895;2332806;1230132;RER A;Pas de correspondance;Pas de correspondance;Pas de correspondance;Pas de correspondance;Chatou;;;;
48.8731092743;2.33345121858;"7; 9";50;Metro;CHAUSSEE D'ANTIN-LA FAYETTE;7470237;7312371;3299036;7;9;Pas de correspondance;Pas de correspondance;Pas de correspondance;Paris;9;;;
48.8574200375;2.3681082907;8;281;Metro;CHEMIN VERT;1524831;1527533;685924;8;Pas de correspondance;Pas de correspondance;Pas de correspondance;Pas de correspondance;Paris;11;;;
48.8349477223;2.36812632906;6;126;Metro;CHEVALERET;3257784;3426306;1923876;6;Pas de correspondance;Pas de correspondance;Pas de correspondance;Pas de correspondance;Paris;13;;;
48.8549363766;2.34732131573;4;275;Metro;CITE;2237552;1740572;741182;4;Pas de correspondance;Pas de correspondance;Pas de correspondance;Pas de correspondance;Paris;4;;;
48.8203500342;2.33858074964;"RER B; T3A";12;RER;CITE UNIVERSITAIRE;7338836;7531642;3853590;RER B;T3A;Pas de correspondance;Pas de correspondance;Pas de correspondance;Paris;14;;;
48.8510502823;2.34427334542;10;262;Metro;CLUNY LA SORBONNE;2493703;2232036;842980;10;Pas de correspondance;Pas de correspondance;Pas de correspondance;Pas de correspondance;Paris;5;;;
48.8776101874;2.37081139531;2;94;Metro;COLONEL FABIEN;4794789;4511921;2378863;2;Pas de correspondance;Pas de correspondance;Pas de correspondance;Pas de correspondance;Paris;10;;;
48.8447947646;2.29395196364;8;159;Metro;COMMERCE;2973194;2864592;1616379;8;Pas de correspondance;Pas de correspondance;Pas de correspondance;Pas de correspondance;Paris;15;;;
48.8662858046;2.32294341224;"1; 8; 12";75;Metro;CONCORDE;6325918;6115023;2617251;1;8;12;Pas de correspondance;Pas de correspondance;Paris;8;;;
48.8373074946;2.29663034323;12;67;Metro;CONVENTION;5609633;5275717;2674415;12;Pas de correspondance;Pas de correspondance;Pas de correspondance;Pas de correspondance;Paris;15;;;
48.8948364684;2.38252234342;7;196;Metro;CORENTIN CARIOU;3023221;2766678;1329810;7;Pas de correspondance;Pas de correspondance;Pas de correspondance;Pas de correspondance;Paris;19;;;
48.8270854489;2.27941168205;12;138;Metro;CORENTIN CELTON;3715160;3438335;1774654;12;Pas de correspondance;Pas de correspondance;Pas de correspondance;Pas de correspondance;Issy Les Moulineaux;;;;
48.8297905137;2.35041487201;6;226;Metro;CORVISART;2819792;2512122;1157408;6;Pas de correspondance;Pas de correspondance;Pas de correspondance;Pas de correspondance;Paris;13;;;
48.8333385593;2.38663240207;14;61;Metro;COUR SAINT-EMILION;6068940;6043808;2792734;14;Pas de correspondance;Pas de correspondance;Pas de correspondance;Pas de correspondance;Paris;12;;;
48.8792141342;2.30352872537;2;225;Metro;COURCELLES;2713346;2557929;1168779;2;Pas de correspondance;Pas de correspondance;Pas de correspondance;Pas de correspondance;Paris;17;;;
48.7012177212;2.09797585569;RER B;65;RER;COURCELLE-SUR-YVETTE;576015;566162;280118;RER B;Pas de correspondance;Pas de correspondance;Pas de correspondance;Pas de correspondance;Gif sur Yvette;;;;
48.8690911629;2.38054258599;2;157;Metro;COURONNES;3036984;2897777;1623475;2;Pas de correspondance;Pas de correspondance;Pas de correspondance;Pas de correspondance;Paris;11;;;
48.7967407666;2.44943317569;8;213;Metro;CRETEIL-L'ECHAT;2328225;2253948;1209224;8;Pas de correspondance;Pas de correspondance;Pas de correspondance;Pas de correspondance;Creteil;;;;
48.7687151253;2.46456499321;8;150;Metro;CRETEIL-POINTE DU LAC;2924153;2849288;1684557;8;Pas de correspondance;Pas de correspondance;Pas de correspondance;Pas de correspondance;Creteil;;;;
48.779905317;2.45936839626;8;62;Metro;CRETEIL-PREFECTURE;5028020;4663191;2778189;8;Pas de correspondance;Pas de correspondance;Pas de correspondance;Pas de correspondance;Creteil;;;;
48.7899783103;2.45045317792;8;125;Metro;CRETEIL-UNIVERSITE;3558391;3536972;1935234;8;Pas de correspondance;Pas de correspondance;Pas de correspondance;Pas de correspondance;Creteil;;;;
48.8907889695;2.3773157556;7;65;Metro;CRIMEE;5921134;5431969;2688758;7;Pas de correspondance;Pas de correspondance;Pas de correspondance;Pas de correspondance;Paris;19;;;
48.8579655912;2.43555571569;9;60;Metro;CROIX DE CHAVAUX;5210557;4954717;2839164;9;Pas de correspondance;Pas de correspondance;Pas de correspondance;Pas de correspondance;Montreuil;;;;
48.8819319987;2.39344545649;7bis;298;Metro;DANUBE;566268;547896;266623;7bis;Pas de correspondance;Pas de correspondance;Pas de correspondance;Pas de correspondance;Paris;19;;;
48.8394454284;2.39618288645;"6; 8";63;Metro;DAUMESNIL;5317608;4954004;2723508;6;8;Pas de correspondance;Pas de correspondance;Pas de correspondance;Paris;12;;;
48.8334508582;2.33174013099;"4; 6";133;Metro;DENFERT-ROCHEREAU;4401791;3911586;1818730;4;6;Pas de correspondance;Pas de correspondance;Pas de correspondance;Paris;14;;;
48.8342929805;2.33285230996;RER B;24;RER;DENFERT-ROCHEREAU-RER;4733142;4898356;2351759;RER B;Pas de correspondance;Pas de correspondance;Pas de correspondance;Pas de correspondance;Paris;14;;;
48.8390411437;2.38962001134;6;217;Metro;DUGOMMIER;2836152;2579556;1200589;6;Pas de correspondance;Pas de correspondance;Pas de correspondance;Pas de correspondance;Paris;12;;;
48.850434549;2.29361243991;6;131;Metro;DUPLEIX;4092602;3221871;1839499;6;Pas de correspondance;Pas de correspondance;Pas de correspondance;Pas de correspondance;Paris;15;;;
48.8470525545;2.31642435206;"10; 13";124;Metro;DUROC;3645141;3596220;1972711;10;13;Pas de correspondance;Pas de correspondance;Pas de correspondance;Paris;7;;;
48.8546821569;2.3060974037;8;128;Metro;ECOLE MILITAIRE;4638136;4468169;1863016;8;Pas de correspondance;Pas de correspondance;Pas de correspondance;Pas de correspondance;Paris;7;;;
48.814803007;2.42237614285;8;135;Metro;ECOLE VETERINAIRE DE MAISONS-ALFORT;3520624;3193857;1808155;8;Pas de correspondance;Pas de correspondance;Pas de correspondance;Pas de correspondance;Maisons -Alfort;;;;
48.8406632293;2.32638461079;6;240;Metro;EDGAR QUINET;2364420;2142333;1011168;6;Pas de correspondance;Pas de correspondance;Pas de correspondance;Pas de correspondance;Paris;14;;;
48.8471500557;2.26913587273;10;304;Metro;EGLISE D'AUTEUIL;182153;169939;95182;10;Pas de correspondance;Pas de correspondance;Pas de correspondance;Pas de correspondance;Paris;16;;;
48.89325759;2.41331313951;5;112;Metro;EGLISE DE PANTIN;4056872;3843796;2139986;5;Pas de correspondance;Pas de correspondance;Pas de correspondance;Pas de correspondance;Pantin;;;;
48.8886312178;2.24793243532;1;24;Metro;ESPLANADE DE LA DEFENSE;10255121;9883008;4488878;1;Pas de correspondance;Pas de correspondance;Pas de correspondance;Pas de correspondance;Puteaux;;;;
48.8638074378;2.34888065259;4;203;Metro;ETIENNE MARCEL;2907953;2676549;1254829;4;Pas de correspondance;Pas de correspondance;Pas de correspondance;Pas de correspondance;Paris;1;;;
48.8787703685;2.32226521312;3;272;Metro;EUROPE;1694103;1618088;769896;3;Pas de correspondance;Pas de correspondance;Pas de correspondance;Pas de correspondance;Paris;8;;;
48.8429386959;2.26003290221;9;236;Metro;EXELMANS;2152072;2102492;1055609;9;Pas de correspondance;Pas de correspondance;Pas de correspondance;Pas de correspondance;Paris;16;;;
48.8501778619;2.38409221007;8;166;Metro;FAIDHERBE-CHALIGNY;3206635;3032239;1570746;8;Pas de correspondance;Pas de correspondance;Pas de correspondance;Pas de correspondance;Paris;12;;;
48.8444701413;2.31785278304;12;293;Metro;FALGUIERE;912582;881763;479988;12;Pas de correspondance;Pas de correspondance;Pas de correspondance;Pas de correspondance;Paris;15;;;
48.8427467798;2.29191241332;8;271;Metro;FELIX FAURE;1865477;1744774;776924;8;Pas de correspondance;Pas de correspondance;Pas de correspondance;Pas de correspondance;Paris;15;;;
48.863257945;2.36666109472;8;269;Metro;FILLES DU CALVAIRE;1718975;1606192;784137;8;Pas de correspondance;Pas de correspondance;Pas de correspondance;Pas de correspondance;Paris;3;;;
48.743373402;2.29639315754;RER B;57;RER;FONTAINE-MICHALON;754778;731635;425164;RER B;Pas de correspondance;Pas de correspondance;Pas de correspondance;Pas de correspondance;Antony;;;;
48.78761468;2.29249298056;RER B;53;RER;FONTENAY-AUX-ROSES;1183158;1211339;665966;RER B;Pas de correspondance;Pas de correspondance;Pas de correspondance;Pas de correspondance;Fontenay aux roses;;;;
48.8437202616;2.46370803804;RER A;39;RER;FONTENAY-SOUS-BOIS;2729214;2740285;1586673;RER A;Pas de correspondance;Pas de correspondance;Pas de correspondance;Pas de correspondance;Fontenay-sous-Bois;;;;
48.9149497564;2.40440908743;7;98;Metro;FORT D'AUBERVILLIERS;4165208;3889085;2328764;7;Pas de correspondance;Pas de correspondance;Pas de correspondance;Pas de correspondance;Aubervilliers;;;;
48.8698082202;2.30747079345;"1; 9";22;Metro;FRANKLIN D. ROOSEVELT;10705337;9545487;4691237;1;9;Pas de correspondance;Pas de correspondance;Pas de correspondance;Paris;8;;;
48.906567146;2.3659203194;12;174;Metro;FRONT POPULAIRE;2877264;2802852;1525242;12;Pas de correspondance;Pas de correspondance;Pas de correspondance;Pas de correspondance;Saint Denis / Aubervilliers;;;;
48.8846809737;2.34266003734;2;261;Metro;FUNICULAIRE;3415784;3400474;843984;2;Pas de correspondance;Pas de correspondance;Pas de correspondance;Pas de correspondance;Paris;18;;;
48.9163823099;2.2946851117;13;68;Metro;GABRIEL PERI;5405121;4998394;2667469;13;Pas de correspondance;Pas de correspondance;Pas de correspondance;Pas de correspondance;Asnières;;;;
48.8386316462;2.32249174982;13;214;Metro;GAITE;2995328;2713799;1205958;13;Pas de correspondance;Pas de correspondance;Pas de correspondance;Pas de correspondance;Paris;14;;;
48.8653353173;2.41669727286;3;57;Metro;GALLIENI;5841623;5595343;2893664;3;Pas de correspondance;Pas de correspondance;Pas de correspondance;Pas de correspondance;Bagnolet;;;;
48.8649166851;2.39898444025;"3; 3bis";49;Metro;GAMBETTA;7137504;6798910;3310515;3;3bis;Pas de correspondance;Pas de correspondance;Pas de correspondance;Paris;20;;;
48.842436797;2.365184812;"5; 10; RER C";23;Metro;GARE D'AUSTERLITZ;10443637;9887549;4638836;5;10;RER C;Pas de correspondance;Pas de correspondance;Paris;13;;;
48.8759910648;2.35788077193;"4; 5; 7; Ligne P;";5;Metro;GARE DE L'EST;21432041;22443106;11715190;4;5;7;Ligne P;Pas de correspondance;Paris;10;;;
48.8441393499;2.37325997671;"LIGNE P; Ligne R;1;14;RER A";3;Metro;GARE DE LYON;36864326;36512570;22232810;1;14;RER A;Ligne P;Ligne R;Paris;12;;;
48.8437725769;2.37391647117;"RER A; RER D";2;RER;GARE DE LYON-RER;38223812;37526415;21749596;RER A;RER D;Pas de correspondance;Pas de correspondance;Pas de correspondance;Paris;12;;;
48.8809220076;2.35632854366;"4; 5; Ligne K; Ligne H";2;Metro;GARE DU NORD;45793828;51141374;25381876;4;5;Ligne K;Ligne H;Pas de correspondance;Paris;10;;;
48.8807689583;2.35711533495;"1;RER B";1;RER;GARE DU NORD-RER;42502942;47417703;25134283;RER B;1;Pas de correspondance;Pas de correspondance;Pas de correspondance;Paris;10;;;
48.9060940502;2.33183083796;13;148;Metro;GARIBALDI;3692242;3330349;1697555;13;Pas de correspondance;Pas de correspondance;Pas de correspondance;Pas de correspondance;Saint Ouen;;;;
48.8152299365;2.34089113242;B;44;RER;GENTILLY;2332897;2415990;1248514;RER B;Pas de correspondance;Pas de correspondance;Pas de correspondance;Pas de correspondance;Gentilly;;;;
48.8720238095;2.30056045125;1;58;Metro;GEORGE V;6380669;6643262;2871038;1;Pas de correspondance;Pas de correspondance;Pas de correspondance;Pas de correspondance;Paris;8;;;
48.6981969763;2.13656671706;RER B;62;RER;GIF-SUR-YVETTE;769431;669555;324780;RER B;Pas de correspondance;Pas de correspondance;Pas de correspondance;Pas de correspondance;Gif sur Yvette;;;;
48.831129548;2.34351165775;6;110;Metro;GLACIERE;4863838;4498939;2184910;6;Pas de correspondance;Pas de correspondance;Pas de correspondance;Pas de correspondance;Paris;13;;;
48.8699575127;2.37109483973;11;132;Metro;GONCOURT;3420469;2192190;1829817;11;Pas de correspondance;Pas de correspondance;Pas de correspondance;Pas de correspondance;Paris;11;;;
48.8714977394;2.34315477308;"8;9";78;Metro;GRANDS BOULEVARDS;7416725;6807424;2608284;8;9;Pas de correspondance;Pas de correspondance;Pas de correspondance;Paris;9;;;
48.8928288534;2.3274284585;13;221;Metro;GUY MOQUET;4593098;4004960;1191891;13;Pas de correspondance;Pas de correspondance;Pas de correspondance;Pas de correspondance;Paris;17;;;
48.8737134067;2.32769540963;"3;9";29;Metro;HAVRE-CAUMARTIN;7865303;8277127;3899956;3;9;Pas de correspondance;Pas de correspondance;Pas de correspondance;Paris;9;;;
48.8912285932;2.40235214254;5;77;Metro;HOCHE;5185130;4995902;2616315;5;Pas de correspondance;Pas de correspondance;Pas de correspondance;Pas de correspondance;Pantin;;;;
48.8574779825;2.35157756299;"1;11;T1";13;Metro;HOTEL DE VILLE;11467832;12307363;5673100;1;11;T1;Pas de correspondance;Pas de correspondance;Paris;4;;;
48.8647940658;2.29416201811;9;233;Metro;IENA;2506768;2646049;1093805;9;Pas de correspondance;Pas de correspondance;Pas de correspondance;Pas de correspondance;Paris;16;;;
48.8623253291;2.31513843219;"8;13";66;Metro;INVALIDES;6411555;6540934;2678838;8;13;Pas de correspondance;Pas de correspondance;Pas de correspondance;Paris;7;;;
48.87080998;2.36102746692;5;211;Metro;JACQUES BONSERGENT;2596218;2477876;1216884;5;Pas de correspondance;Pas de correspondance;Pas de correspondance;Pas de correspondance;Paris;10;;;
48.8525040906;2.26817674944;9;239;Metro;JASMIN;2103952;1935764;1017366;9;Pas de correspondance;Pas de correspondance;Pas de correspondance;Pas de correspondance;Paris;16;;;
48.8814985959;2.37026212666;"2;5;7bis";54;Metro;JAURES;6261040;5836196;3148221;2;5;7bis;Pas de correspondance;Pas de correspondance;Paris;19;;;
48.8210388151;2.46385679536;RER A;26;RER;JOINVILLE-LE-PONT;3950334;4017431;2314407;RER A;Pas de correspondance;Pas de correspondance;Pas de correspondance;Pas de correspondance;Joinville-le-Pont;;;;
48.875111817;2.38941503204;11;151;Metro;JOURDAIN;3467807;3029314;1683473;11;Pas de correspondance;Pas de correspondance;Pas de correspondance;Pas de correspondance;Paris;20;;;
48.8924395905;2.34465700413;12;136;Metro;JULES JOFFRIN;4677666;4034229;1806947;12;Pas de correspondance;Pas de correspondance;Pas de correspondance;Pas de correspondance;Paris;18;;;
48.8459506666;2.35505026306;"7;10";127;Metro;JUSSIEU;4684325;4328012;1891986;7;10;Pas de correspondance;Pas de correspondance;Pas de correspondance;Paris;5;;;
48.8716497691;2.29352429034;6;290;Metro;KLEBER;1357710;1253324;513955;6;Pas de correspondance;Pas de correspondance;Pas de correspondance;Pas de correspondance;Paris;16;;;
48.8843987952;2.36049131853;2;31;Metro;LA CHAPELLE;6976673;6534340;3825879;2;Pas de correspondance;Pas de correspondance;Pas de correspondance;Pas de correspondance;Paris;9;;;
48.92078597;2.41059861509;"T1;7";39;Metro;LA COURNEUVE-8 MAI 1945;5962052;5886507;3611264;7;T1;Pas de correspondance;Pas de correspondance;Pas de correspondance;La Courneuve;;;;
48.7616936904;2.30422734619;RER B;36;RER;LA CROIX DE BERNY;3288568;3161602;1799762;RER B;Pas de correspondance;Pas de correspondance;Pas de correspondance;Pas de correspondance;Antony;;;;
48.8921233638;2.23721353646;1;7;Metro;LA DEFENSE;15954978;16213921;8616589;1;Pas de correspondance;Pas de correspondance;Pas de correspondance;Pas de correspondance;Puteaux;;;;
48.8921870764;2.2370180564;RER A;4;RER;LA DEFENSE-RER;33822933;34129971;16349130;RER A;Pas de correspondance;Pas de correspondance;Pas de correspondance;Pas de correspondance;Puteaux;;;;
48.8871839469;2.32577967481;13;177;Metro;LA FOURCHE;2814675;2563103;1499508;13;Pas de correspondance;Pas de correspondance;Pas de correspondance;Pas de correspondance;Paris;8;;;
48.6952641221;2.15164203862;RER B;66;RER;LA HACQUINIERE;460195;419294;213256;RER B;Pas de correspondance;Pas de correspondance;Pas de correspondance;Pas de correspondance;Bures sur Yvette;;;;
48.8487416657;2.29893091175;6;44;Metro;LA MOTTE-PICQUET-GRENELLE;7959759;7958383;3428458;6;8;10;Pas de correspondance;Pas de correspondance;Paris;15;;;
48.8580460563;2.27415463109;9;113;Metro;LA MUETTE;4150248;3991922;2114924;9;Pas de correspondance;Pas de correspondance;Pas de correspondance;Pas de correspondance;Paris;16;;;
48.8577254129;2.31056596095;8;245;Metro;LA TOUR-MAUBOURG;2218166;2139593;965136;8;Pas de correspondance;Pas de correspondance;Pas de correspondance;Pas de correspondance;Paris;7;;;
48.7953838356;2.51342329955;RER A;47;RER;LA VARENNE-CHENNEVIERES;1976634;1985568;1209310;RER A;Pas de correspondance;Pas de correspondance;Pas de correspondance;Pas de correspondance;saint-Maur des Fosses;;;;
48.8896740712;2.3387606492;12;199;Metro;LAMARCK-CAULAINCOURT;2843167;2704202;1283881;12;Pas de correspondance;Pas de correspondance;Pas de correspondance;Pas de correspondance;Paris;18;;;
48.8082965868;2.33435430694;RER B;31;RER;LAPLACE;3676446;3707718;1943309;RER B;Pas de correspondance;Pas de correspondance;Pas de correspondance;Pas de correspondance;Arcueil;;;;
48.8852161821;2.37966307748;5;115;Metro;LAUMIERE;4556699;4325317;2107812;5;Pas de correspondance;Pas de correspondance;Pas de correspondance;Pas de correspondance;Paris;19;;;
48.7054039248;2.19273488481;RER B;58;RER;LE GUICHET;924106;842064;389736;RER B;Pas de correspondance;Pas de correspondance;Pas de correspondance;Pas de correspondance;Orsay;;;;
48.8101299573;2.36226338713;7;103;Metro;LE KREMLIN-BICETRE;4447608;4062243;2244686;7;Pas de correspondance;Pas de correspondance;Pas de correspondance;Pas de correspondance;Kremlin-Bicêtre;;;;
48.8053776622;2.48634974878;RER A;45;RER;LE PARC DE SAINT-MAUR;2242987;2216669;1240624;RER A;Pas de correspondance;Pas de correspondance;Pas de correspondance;Pas de correspondance;Saint-Maur des Fosses;;;;
48.8748743434;2.34019988439;7;216;Metro;LE PELETIER;2510950;2451509;1203233;7;Pas de correspondance;Pas de correspondance;Pas de correspondance;Pas de correspondance;Paris;9;;;
48.8900862356;2.13460087523;RER A;52;RER;LE VESINET-CENTRE;1361720;1380169;760964;RER A;Pas de correspondance;Pas de correspondance;Pas de correspondance;Pas de correspondance;Le Vesinet;;;;
48.8979734463;2.12211744747;RER A;49;RER;LE VESINET-LE PECQ;2157155;2147193;1156100;RER A;Pas de correspondance;Pas de correspondance;Pas de correspondance;Pas de correspondance;Le Vesinet;;;;
48.8512711264;2.37611877334;8;156;Metro;LEDRU-ROLLIN;3977633;3777270;1636428;8;Pas de correspondance;Pas de correspondance;Pas de correspondance;Pas de correspondance;Paris;12;;;
48.9231037797;2.28627957753;13;200;Metro;LES AGNETTES;2448699;2309419;1283180;13;Pas de correspondance;Pas de correspondance;Pas de correspondance;Pas de correspondance;Asnières sur Seine;;;;
48.7396810434;2.28766749545;RER B;50;RER;LES BACONNETS;1888141;1860108;1098252;RER B;Pas de correspondance;Pas de correspondance;Pas de correspondance;Pas de correspondance;Antony;;;;
48.9307570033;2.28417444828;13;109;Metro;LES COURTILLES;4233814;3886523;2194218;13;Pas de correspondance;Pas de correspondance;Pas de correspondance;Pas de correspondance;Asnières sur Seine;;;;
48.8358634842;2.35258892564;7;142;Metro;LES GOBELINS;3595435;3377372;1733427;7;Pas de correspondance;Pas de correspondance;Pas de correspondance;Pas de correspondance;Paris;13;;;
48.8623162787;2.34567382822;4;8;Metro;LES HALLES;17509498;16069170;8019633;4;Pas de correspondance;Pas de correspondance;Pas de correspondance;Pas de correspondance;Paris;1;;;
48.8811915206;2.27168672105;1;56;Metro;LES SABLONS;6396994;6314665;2965575;1;Pas de correspondance;Pas de correspondance;Pas de correspondance;Pas de correspondance;Neuilly Sur Seine;;;;
48.8260549965;2.40674222593;8;219;Metro;LIBERTE;2631382;2532442;1195690;8;Pas de correspondance;Pas de correspondance;Pas de correspondance;Pas de correspondance;Charenton;;;;
48.8796347607;2.32702220089;13;276;Metro;LIEGE;1795368;1662452;740144;13;Pas de correspondance;Pas de correspondance;Pas de correspondance;Pas de correspondance;Paris;8;;;
48.8392193;2.63321091342;RER A;51;RER;LOGNES;1655254;1680012;944270;RER A;Pas de correspondance;Pas de correspondance;Pas de correspondance;Pas de correspondance;Lognes;;;;
48.8812858119;2.36554431917;"7;7bis";209;Metro;LOUIS BLANC;2439575;2272326;1226441;7;7bis;Pas de correspondance;Pas de correspondance;Pas de correspondance;Paris;10;;;
48.8887060198;2.28808363305;3;139;Metro;LOUISE MICHEL;3807962;3546360;1735982;3;Pas de correspondance;Pas de correspondance;Pas de correspondance;Pas de correspondance;Levallois-Perret;;;;
48.8389609394;2.28270002724;8;231;Metro;LOURMEL;2424947;2301922;1120497;8;Pas de correspondance;Pas de correspondance;Pas de correspondance;Pas de correspondance;Paris;15;;;
49.0493256018;2.50175806584;"RER D;1";197;Metro;LOUVRE;2617507;2633369;1328080;1;RER D;Pas de correspondance;Pas de correspondance;Pas de correspondance;Paris;1;;;
48.7059689848;2.21226237802;RER B;59;RER;LOZERE;828404;778724;371808;RER B;Pas de correspondance;Pas de correspondance;Pas de correspondance;Pas de correspondance;Palaiseau;;;;
48.8457430732;2.33992799972;RER B;16;RER;LUXEMBOURG;6020838;6246164;2916819;RER B;Pas de correspondance;Pas de correspondance;Pas de correspondance;Pas de correspondance;Paris;5;;;
48.8530167679;2.33550205309;10;263;Metro;MABILLON;1963879;1859872;839743;10;Pas de correspondance;Pas de correspondance;Pas de correspondance;Pas de correspondance;Paris;6;;;
48.869633173;2.32627227403;"8;12;14";25;Metro;MADELEINE;7088856;8473016;4297547;8;12;14;Pas de correspondance;Pas de correspondance;Paris;8;;;
48.9033300946;2.30592414987;13;47;Metro;MAIRIE DE CLICHY;7105379;6342058;3316323;13;Pas de correspondance;Pas de correspondance;Pas de correspondance;Pas de correspondance;Clichy;;;;
48.8619369141;2.44131094125;9;18;Metro;MAIRIE DE MONTREUIL;8182788;8106589;4764601;9;Pas de correspondance;Pas de correspondance;Pas de correspondance;Pas de correspondance;Montreuil;;;;
48.8186764099;2.3197403133;4;43;Metro;MAIRIE DE MONTROUGE;7081319;6849601;3456791;4;Pas de correspondance;Pas de correspondance;Pas de correspondance;Pas de correspondance;Montrouge;;;;
48.9119648979;2.33392489048;"13;14";95;Metro;MAIRIE DE SAINT-OUEN;4641862;4314548;2373142;13;14;Pas de correspondance;Pas de correspondance;Pas de correspondance;Saint Ouen;;;;
48.879761254;2.41647964367;11;82;Metro;MAIRIE DES LILAS;4817603;4436148;2563685;11;Pas de correspondance;Pas de correspondance;Pas de correspondance;Pas de correspondance;Les Lilas;;;;
48.8241050307;2.27304152514;12;116;Metro;MAIRIE D'ISSY;4473140;4096487;2083392;12;Pas de correspondance;Pas de correspondance;Pas de correspondance;Pas de correspondance;Issy Les Moulineaux;;;;
48.8110991977;2.38355147965;7;137;Metro;MAIRIE D'IVRY;3351677;3074561;1800848;7;Pas de correspondance;Pas de correspondance;Pas de correspondance;Pas de correspondance;Ivry;;;;
48.8224378346;2.35847388385;7;246;Metro;MAISON BLANCHE;1974306;1803381;955254;7;Pas de correspondance;Pas de correspondance;Pas de correspondance;Pas de correspondance;Paris;13;;;
48.8026376907;2.44692748424;8;255;Metro;MAISONS-ALFORT-LES JUILLIOTTES;1905384;1779627;905627;8;Pas de correspondance;Pas de correspondance;Pas de correspondance;Pas de correspondance;Maisons -Alfort;;;;
48.8091443609;2.43450989593;8;186;Metro;MAISONS-ALFORT-STADE;2465520;2330375;1393467;8;Pas de correspondance;Pas de correspondance;Pas de correspondance;Pas de correspondance;Maisons -Alfort;;;;
48.8225837068;2.29846419197;13;163;Metro;MALAKOFF-PLATEAU DE VANVES;3718080;3454231;1581749;13;Pas de correspondance;Pas de correspondance;Pas de correspondance;Pas de correspondance;Malakoff;;;;
48.8153075312;2.29707779833;13;237;Metro;MALAKOFF-RUE ETIENNE DOLET;2140693;2048140;1054998;13;Pas de correspondance;Pas de correspondance;Pas de correspondance;Pas de correspondance;Malakoff;;;;
48.8828919175;2.30905226455;3;229;Metro;MALESHERBES;2628908;2406916;1133574;3;Pas de correspondance;Pas de correspondance;Pas de correspondance;Pas de correspondance;Paris;17;;;
48.8527251193;2.40608916188;9;198;Metro;MARAICHERS;2788149;2608017;1316167;9;Pas de correspondance;Pas de correspondance;Pas de correspondance;Pas de correspondance;Paris;20;;;
48.8914168342;2.34973840702;"4;12";52;Metro;MARCADET-POISSONNIERS;5285526;5973655;3169019;4;12;Pas de correspondance;Pas de correspondance;Pas de correspondance;Paris;18;;;
48.8337088491;2.24384059238;9;59;Metro;MARCEL SEMBAT;5958354;5521946;2845520;9;Pas de correspondance;Pas de correspondance;Pas de correspondance;Pas de correspondance;Boulogne Billancourt;;;;
48.8904854538;2.35999576641;12;172;Metro;MARX DORMOY;3616802;3359946;1544166;12;Pas de correspondance;Pas de correspondance;Pas de correspondance;Pas de correspondance;Paris;18;;;
48.7243094192;2.25896643431;RER B;7;RER;MASSY-PALAISEAU;9496594;9141486;5163200;RER B;Pas de correspondance;Pas de correspondance;Pas de correspondance;Pas de correspondance;Massy;;;;
48.7347165868;2.2734834644;RER B;63;RER;MASSY-VERRIERES;623769;607314;296614;RER B;Pas de correspondance;Pas de correspondance;Pas de correspondance;Pas de correspondance;Massy;;;;
48.8501273238;2.34805429048;10;253;Metro;MAUBERT-MUTUALITE;2349339;2226690;913919;10;Pas de correspondance;Pas de correspondance;Pas de correspondance;Pas de correspondance;Paris;5;;;
48.8668000351;2.38338325046;2;111;Metro;MENILMONTANT;4359581;3943809;2171543;2;Pas de correspondance;Pas de correspondance;Pas de correspondance;Pas de correspondance;Paris;11;;;
48.837117007;2.40233316592;8;254;Metro;MICHEL BIZOT;2009808;1906545;910938;8;Pas de correspondance;Pas de correspondance;Pas de correspondance;Pas de correspondance;Paris;12;;;
48.8479348079;2.26421877705;"9;10";230;Metro;MICHEL-ANGE-AUTEUIL;2175029;2042174;1131814;9;10;Pas de correspondance;Pas de correspondance;Pas de correspondance;Paris;16;;;
48.8452475655;2.2616234924;"9;10";222;Metro;MICHEL-ANGE-MOLITOR;2298330;2247014;1180095;9;10;Pas de correspondance;Pas de correspondance;Pas de correspondance;Paris;16;;;
48.8471310082;2.27276375332;10;278;Metro;MIRABEAU;1422224;1377611;724167;10;Pas de correspondance;Pas de correspondance;Pas de correspondance;Pas de correspondance;Paris;16;;;
48.8737095277;2.31460632162;"9;13";74;Metro;MIROMESNIL;6391877;5908201;2618473;9;13;Pas de correspondance;Pas de correspondance;Pas de correspondance;Paris;8;;;
48.8804494561;2.30945116799;2;256;Metro;MONCEAU;1804353;1672269;902347;2;Pas de correspondance;Pas de correspondance;Pas de correspondance;Pas de correspondance;Paris;17;;;
48.8444086721;2.39007511282;8;267;Metro;MONTGALLET;1690677;1596702;804190;8;Pas de correspondance;Pas de correspondance;Pas de correspondance;Pas de correspondance;Paris;12;;;
48.8437813048;2.3243970124;"4;6;12;13";4;Metro;MONTPARNASSE-BIENVENUE;30646580;29857740;13783944;4;6;12;13;Pas de correspondance;Paris;14;;;
48.8311126604;2.32970501262;4;258;Metro;MOUTON-DUVERNET;1645671;1583761;870679;4;Pas de correspondance;Pas de correspondance;Pas de correspondance;Pas de correspondance;Paris;14;;;
48.8957453121;2.22321296703;RER A;5;RER;NANTERRE-PREFECTURE;24980181;26179183;13379344;RER A;Pas de correspondance;Pas de correspondance;Pas de correspondance;Pas de correspondance;Nanterre;;;;
48.9015496743;2.21523234727;RER A;30;RER;NANTERRE-UNIVERSITE;4468490;4140214;2024836;RER A;Pas de correspondance;Pas de correspondance;Pas de correspondance;Pas de correspondance;Nanterre;;;;
48.8951258913;2.19536398691;RER A;25;RER;NANTERRE-VILLE;4083814;4228110;2318006;RER A;Pas de correspondance;Pas de correspondance;Pas de correspondance;Pas de correspondance;Nanterre;;;;
48.8475793675;2.39555451217;"1;2;6;9";16;Metro;NATION;8638165;8834660;4860619;1;2;6;9;Pas de correspondance;Paris;12;;;
48.8332167197;2.36285639952;6;192;Metro;NATIONALE;2970029;2497964;1360198;6;Pas de correspondance;Pas de correspondance;Pas de correspondance;Pas de correspondance;Paris;13;;;
48.8482371104;2.39582358883;RER A;21;RER;NATION-RER;3808672;4138889;2636667;RER A;Pas de correspondance;Pas de correspondance;Pas de correspondance;Pas de correspondance;Paris;12;;;
48.853485713;2.51382529103;RER A;13;RER;NEUILLY-PLAISANCE;5904235;5924171;3726798;RER A;Pas de correspondance;Pas de correspondance;Pas de correspondance;Pas de correspondance;Neuilly-sur-Seine;;;;
48.8342888989;2.47168124121;RER A;38;RER;NOGENT-SUR-MARNE;2784913;2835775;1703324;RER A;Pas de correspondance;Pas de correspondance;Pas de correspondance;Pas de correspondance;Nogent-sur-Marne;;;;
48.8434916487;2.6159524885;RER A;34;RER;NOISIEL;2882653;3016034;1868878;RER A;Pas de correspondance;Pas de correspondance;Pas de correspondance;Pas de correspondance;Noisiel;;;;
48.8428848408;2.58008591197;RER A;15;RER;NOISY-CHAMPS;5401324;5614935;3393192;RER A;Pas de correspondance;Pas de correspondance;Pas de correspondance;Pas de correspondance;Champs-sur-Marne;;;;
48.8408434319;2.5477751893;RER A;8;RER;NOISY-LE-GRAND-MONT D'EST;8077756;7609131;4492037;RER A;Pas de correspondance;Pas de correspondance;Pas de correspondance;Pas de correspondance;Noisy-le-Grand;;;;
48.8760262116;2.33788648907;12;223;Metro;NOTRE-DAME-DE-LORETTE;2943066;2833104;1176983;12;Pas de correspondance;Pas de correspondance;Pas de correspondance;Pas de correspondance;Paris;9;;;
48.8449426325;2.3287780269;12;244;Metro;NOTRE-DAME-DES-CHAMPS;2146424;2051828;996587;12;Pas de correspondance;Pas de correspondance;Pas de correspondance;Pas de correspondance;Paris;6;;;
48.8646578796;2.36841002566;"5;9";86;Metro;OBERKAMPF;4580340;4416955;2462989;5;9;Pas de correspondance;Pas de correspondance;Pas de correspondance;Paris;11;;;
48.8523007631;2.33972778159;"4;10";91;Metro;ODEON;5905175;5600764;2412888;4;10;Pas de correspondance;Pas de correspondance;Pas de correspondance;Paris;6;;;
48.827270836;2.36803264776;14;21;Metro;OLYMPIADES;7306272;7912359;4717069;14;Pas de correspondance;Pas de correspondance;Pas de correspondance;Pas de correspondance;Paris;13;;;
48.8709917839;2.33198952268;"3;7;8";41;Metro;OPERA;11175606;10501357;3519216;3;7;8;Pas de correspondance;Pas de correspondance;Paris;9;;;
48.6975056699;2.1810544377;RER B;42;RER;ORSAY-VILLE;2605092;2434752;1383444;RER B;Pas de correspondance;Pas de correspondance;Pas de correspondance;Pas de correspondance;Orsay;;;;
48.8871348691;2.38696001714;5;118;Metro;OURCQ;4089055;3763663;2064168;5;Pas de correspondance;Pas de correspondance;Pas de correspondance;Pas de correspondance;Paris;19;;;
48.7169462876;2.24567251458;RER B;54;RER;PALAISEAU;1061473;1046766;518346;RER B;Pas de correspondance;Pas de correspondance;Pas de correspondance;Pas de correspondance;Palaiseau;;;;
48.7081405836;2.23731436464;RER B;56;RER;PALAISEAU-VILLEBON;941474;910971;444921;RER B;Pas de correspondance;Pas de correspondance;Pas de correspondance;Pas de correspondance;Palaiseau;;;;
48.8623480308;2.33649646231;"1;7";35;Metro;PALAIS-ROYAL;9648312;9592920;3678654;1;7;Pas de correspondance;Pas de correspondance;Pas de correspondance;Paris;1;;;
48.7707219935;2.31020545188;RER B;64;RER;PARC DE SCEAUX;613248;574699;286202;RER B;Pas de correspondance;Pas de correspondance;Pas de correspondance;Pas de correspondance;Antony;;;;
48.8652537861;2.37458197;3;176;Metro;PARMENTIER;3283276;3103492;1499805;3;Pas de correspondance;Pas de correspondance;Pas de correspondance;Pas de correspondance;Paris;11;;;
48.857448691;2.28581244413;6;190;Metro;PASSY;4124316;3187985;1380218;6;Pas de correspondance;Pas de correspondance;Pas de correspondance;Pas de correspondance;Paris;16;;;
48.84267682;2.31281277347;"6;12";73;Metro;PASTEUR;5217986;4493457;2625552;6;12;Pas de correspondance;Pas de correspondance;Pas de correspondance;Paris;9;;;
48.8684401633;2.40156171274;3bis;302;Metro;PELLEPORT;371005;329597;178325;3bis;Pas de correspondance;Pas de correspondance;Pas de correspondance;Pas de correspondance;Paris;20;;;
48.8626540191;2.38760728815;"2;3";83;Metro;PERE LACHAISE;4882748;4724592;2503028;2;3;Pas de correspondance;Pas de correspondance;Pas de correspondance;Paris;20;;;
48.8848962552;2.29772434648;3;106;Metro;PEREIRE;4804340;4446732;2221107;3;Pas de correspondance;Pas de correspondance;Pas de correspondance;Pas de correspondance;Paris;17;;;
48.8339363927;2.31807828549;13;185;Metro;PERNETY;3310917;3050541;1395770;13;Pas de correspondance;Pas de correspondance;Pas de correspondance;Pas de correspondance;Paris;14;;;
48.8584665494;2.38972985235;2;248;Metro;PHILIPPE AUGUSTE;1922463;1763562;925913;2;Pas de correspondance;Pas de correspondance;Pas de correspondance;Pas de correspondance;Paris;11;;;
48.8450615799;2.40128901983;6;285;Metro;PICPUS;1404477;1302314;595063;6;Pas de correspondance;Pas de correspondance;Pas de correspondance;Pas de correspondance;Paris;12;;;
48.815930763;2.37726720015;7;270;Metro;PIERRE CURIE;1608512;1535768;780043;7;Pas de correspondance;Pas de correspondance;Pas de correspondance;Pas de correspondance;Ivry;;;;
48.8823901507;2.33729479057;"2;12";84;Metro;PIGALLE;5949716;5599495;2496923;2;12;Pas de correspondance;Pas de correspondance;Pas de correspondance;Paris;18;;;
48.8836149922;2.32783955611;"2;13";37;Metro;PLACE CLICHY;8769157;8020440;3643247;2;13;Pas de correspondance;Pas de correspondance;Pas de correspondance;Paris;17;;;
48.8768063892;2.39305609332;"7bis;11";158;Metro;PLACE DES FETES;2987172;2921564;1620143;7bis;11;Pas de correspondance;Pas de correspondance;Pas de correspondance;Paris;19;;;
48.830972673;2.35558027408;"5;6;7";14;Metro;PLACE D'ITALIE;11508361;10577276;5031748;5;6;7;Pas de correspondance;Pas de correspondance;Paris;13;;;
48.8428668307;2.35222472818;7;202;Metro;PLACE MONGE;3134478;2828772;1269871;7;Pas de correspondance;Pas de correspondance;Pas de correspondance;Pas de correspondance;Paris;6;;;
48.8318256496;2.31412232347;13;79;Metro;PLAISANCE;5091432;4784211;2590236;13;Pas de correspondance;Pas de correspondance;Pas de correspondance;Pas de correspondance;Paris;14;;;
48.8772363191;2.34929390248;7;149;Metro;POISSONNIERE;3704783;3466034;1686977;7;Pas de correspondance;Pas de correspondance;Pas de correspondance;Pas de correspondance;Paris;10;;;
48.8978210671;2.27980958669;3;92;Metro;PONT DE LEVALLOIS-BECON;5374925;5068483;2404120;3;Pas de correspondance;Pas de correspondance;Pas de correspondance;Pas de correspondance;Levallois-Perret;;;;
48.8847082013;2.26051507789;1;36;Metro;PONT DE NEUILLY;7127658;6902027;3678074;1;Pas de correspondance;Pas de correspondance;Pas de correspondance;Pas de correspondance;Neuilly Sur Seine;;;;
48.8296748438;2.23079959132;9;69;Metro;PONT DE SEVRES;5332900;5048247;2651763;9;Pas de correspondance;Pas de correspondance;Pas de correspondance;Pas de correspondance;Boulogne Billancourt;;;;
48.8535754725;2.35716257162;7;279;Metro;PONT MARIE;1769299;1733641;721712;7;Pas de correspondance;Pas de correspondance;Pas de correspondance;Pas de correspondance;Paris;4;;;
48.8585538264;2.34223275937;7;284;Metro;PONT NEUF;1613273;1546517;605030;7;Pas de correspondance;Pas de correspondance;Pas de correspondance;Pas de correspondance;Paris;4;;;
48.8400337865;2.33709643089;RER B;35;RER;PORT ROYAL;3489722;3479339;1824145;RER B;Pas de correspondance;Pas de correspondance;Pas de correspondance;Pas de correspondance;Paris;5;;;
48.8714665781;2.27708301705;2;179;Metro;PORTE DAUPHINE;3119154;2932159;1460742;2;Pas de correspondance;Pas de correspondance;Pas de correspondance;Pas de correspondance;Paris;16;;;
48.8479715406;2.25774468038;10;299;Metro;PORTE D'AUTEUIL;652631;622094;262784;10;Pas de correspondance;Pas de correspondance;Pas de correspondance;Pas de correspondance;Paris;16;;;
48.8646003734;2.40803103708;3;102;Metro;PORTE DE BAGNOLET;4347994;4020800;2244934;3;Pas de correspondance;Pas de correspondance;Pas de correspondance;Pas de correspondance;Paris;20;;;
48.8857931052;2.2925823141;3;165;Metro;PORTE DE CHAMPERRET;3431010;3189251;1576691;3;Pas de correspondance;Pas de correspondance;Pas de correspondance;Pas de correspondance;Paris;17;;;
48.8331629295;2.40144805422;8;228;Metro;PORTE DE CHARENTON;2262053;2105924;1146232;8;Pas de correspondance;Pas de correspondance;Pas de correspondance;Pas de correspondance;Paris;12;;;
48.819876221;2.36453195175;7;283;Metro;PORTE DE CHOISY;2943551;2598026;647656;7;Pas de correspondance;Pas de correspondance;Pas de correspondance;Pas de correspondance;Paris;13;;;
48.8942522622;2.31377215877;"13;14";96;Metro;PORTE DE CLICHY;4410686;4495978;2352078;13;14;Pas de correspondance;Pas de correspondance;Pas de correspondance;Paris;17;;;
48.8974022229;2.34484774875;4;15;Metro;PORTE DE CLIGNANCOURT;8050206;8393535;4902116;4;Pas de correspondance;Pas de correspondance;Pas de correspondance;Pas de correspondance;Paris;18;;;
48.8972452881;2.35950786882;12;201;Metro;PORTE DE LA CHAPELLE;2673189;2379751;1276901;12;Pas de correspondance;Pas de correspondance;Pas de correspondance;Pas de correspondance;Paris;18;;;
48.8973898907;2.38550838768;7;123;Metro;PORTE DE LA VILLETTE;4162037;4159555;1981878;7;Pas de correspondance;Pas de correspondance;Pas de correspondance;Pas de correspondance;Paris;19;;;
48.8535439161;2.41062642574;9;93;Metro;PORTE DE MONTREUIL;4735534;4344016;2383093;9;Pas de correspondance;Pas de correspondance;Pas de correspondance;Pas de correspondance;Paris;20;;;
48.8885036879;2.39211369776;5;97;Metro;PORTE DE PANTIN;5377661;5615256;2336476;5;Pas de correspondance;Pas de correspondance;Pas de correspondance;Pas de correspondance;Paris;19;;;
48.8379612135;2.25712222985;9;80;Metro;PORTE DE SAINT-CLOUD;5386794;5174694;2576290;9;Pas de correspondance;Pas de correspondance;Pas de correspondance;Pas de correspondance;Paris;16;;;
48.8973747955;2.32894281278;13;119;Metro;PORTE DE SAINT-OUEN;3764392;3761155;2060676;13;Pas de correspondance;Pas de correspondance;Pas de correspondance;Pas de correspondance;Paris;17;;;
48.8277955435;2.30553466965;13;87;Metro;PORTE DE VANVES;4907106;4660158;2460078;13;Pas de correspondance;Pas de correspondance;Pas de correspondance;Pas de correspondance;Paris;14;;;
48.8324490991;2.2880221411;12;89;Metro;PORTE DE VERSAILLES;6388506;5823995;2449859;12;Pas de correspondance;Pas de correspondance;Pas de correspondance;Pas de correspondance;Paris;15;;;
48.8471584794;2.41014036797;1;17;Metro;PORTE DE VINCENNES;7164764;7633984;4840436;1;Pas de correspondance;Pas de correspondance;Pas de correspondance;Pas de correspondance;Paris;12;;;
48.8771748193;2.406480157;"3bis;11";120;Metro;PORTE DES LILAS;3868367;3439385;2021179;3bis;11;Pas de correspondance;Pas de correspondance;Pas de correspondance;Paris;20;;;
48.8192233496;2.35970521675;7;180;Metro;PORTE D'ITALIE;2444086;2363639;1458709;7;Pas de correspondance;Pas de correspondance;Pas de correspondance;Pas de correspondance;Paris;13;;;
48.8213557838;2.36929058735;7;235;Metro;PORTE D'IVRY;2045606;1901960;1055770;7;Pas de correspondance;Pas de correspondance;Pas de correspondance;Pas de correspondance;Paris;13;;;
48.8347851581;2.40538321063;8;182;Metro;PORTE DOREE;2850341;2763236;1428784;8;Pas de correspondance;Pas de correspondance;Pas de correspondance;Pas de correspondance;Paris;12;;;
48.823411629;2.32557563621;4;48;Metro;PORTE D'ORLEANS;6669356;6259225;3314496;4;Pas de correspondance;Pas de correspondance;Pas de correspondance;Pas de correspondance;Paris;14;;;
48.8775512518;2.28316224223;1;32;Metro;PORTE MAILLOT;8181976;8226552;3784418;1;Pas de correspondance;Pas de correspondance;Pas de correspondance;Pas de correspondance;Paris;16;;;
48.8799957944;2.39894666246;7bis;301;Metro;PRE-SAINT-GERVAIS;389255;386948;226935;7bis;Pas de correspondance;Pas de correspondance;Pas de correspondance;Pas de correspondance;Paris;19;;;
48.8659809205;2.33433072438;7;55;Metro;PYRAMIDES;5277037;6069724;3048580;7;14;Pas de correspondance;Pas de correspondance;Pas de correspondance;Paris;1;;;
48.8738818542;2.3853162151;11;191;Metro;PYRENEES;3354023;2920049;1364625;11;Pas de correspondance;Pas de correspondance;Pas de correspondance;Pas de correspondance;Paris;20;;;
48.8370451192;2.37282572183;6;184;Metro;QUAI DE LA GARE;3252321;3033927;1410543;6;Pas de correspondance;Pas de correspondance;Pas de correspondance;Pas de correspondance;Paris;13;;;
48.8465154042;2.36587346941;5;287;Metro;QUAI DE LA RAPEE;1273466;1155002;525558;5;Pas de correspondance;Pas de correspondance;Pas de correspondance;Pas de correspondance;Paris;12;;;
48.8695852435;2.33621884752;3;247;Metro;QUATRE-SEPTEMBRE;2038075;1997741;938821;3;Pas de correspondance;Pas de correspondance;Pas de correspondance;Pas de correspondance;Paris;2;;;
48.8612049903;2.35349574013;11;187;Metro;RAMBUTEAU;4074086;3219510;1389112;11;Pas de correspondance;Pas de correspondance;Pas de correspondance;Pas de correspondance;Paris;3;;;
48.8554850504;2.27010913894;9;206;Metro;RANELAGH;2470025;2314539;1234203;9;Pas de correspondance;Pas de correspondance;Pas de correspondance;Pas de correspondance;Paris;16;;;
48.8389642807;2.33075419209;"4;6";259;Metro;RASPAIL;1995962;1887146;867633;4;6;Pas de correspondance;Pas de correspondance;Pas de correspondance;Paris;14;;;
48.8663402993;2.35206831805;"3;4";64;Metro;REAUMUR-SEBASTOPOL;5669490;5291106;2718817;3;4;Pas de correspondance;Pas de correspondance;Pas de correspondance;Paris;3;;;
48.8484578485;2.32778212715;12;292;Metro;RENNES;1288804;1181641;506779;12;Pas de correspondance;Pas de correspondance;Pas de correspondance;Pas de correspondance;Paris;6;;;
48.8670267876;2.36424799375;"3;5;8;9;11";9;Metro;REPUBLIQUE;18327920;16596521;6988692;3;5;8;9;11;Paris;11;;;
48.8473037861;2.38634170635;"1;8";30;Metro;REUILLY-DIDEROT;6037085;6328040;3860750;1;8;Pas de correspondance;Pas de correspondance;Pas de correspondance;Paris;12;;;
48.8598736244;2.37191398009;5;227;Metro;RICHARD LENOIR;2172035;2422197;1148587;5;Pas de correspondance;Pas de correspondance;Pas de correspondance;Pas de correspondance;Paris;11;;;
48.8717866021;2.33903054672;"8;9";99;Metro;RICHELIEU-DROUOT;5340869;5014491;2313492;8;9;Pas de correspondance;Pas de correspondance;Pas de correspondance;Paris;9;;;
48.888267617;2.37420401204;7;210;Metro;RIQUET;2434730;2312581;1226397;7;Pas de correspondance;Pas de correspondance;Pas de correspondance;Pas de correspondance;Paris;19;;;
48.8557264286;2.42298321615;9;100;Metro;ROBESPIERRE;4702422;4221091;2281953;9;Pas de correspondance;Pas de correspondance;Pas de correspondance;Pas de correspondance;Montreuil;;;;
48.780237298;2.28143059543;RER B;48;RER;ROBINSON;2181910;2158769;1160290;RER B;Pas de correspondance;Pas de correspondance;Pas de correspondance;Pas de correspondance;Sceaux;;;;
48.8822269008;2.32127492677;2;181;Metro;ROME;2992054;2753714;1435310;2;Pas de correspondance;Pas de correspondance;Pas de correspondance;Pas de correspondance;Paris;17;;;
48.8639744458;2.27811255845;9;147;Metro;RUE DE LA POMPE;3241496;3004505;1700312;9;Pas de correspondance;Pas de correspondance;Pas de correspondance;Pas de correspondance;Paris;16;;;
48.8523154274;2.38937812792;9;188;Metro;RUE DES BOULETS;2654910;2583609;1383972;9;Pas de correspondance;Pas de correspondance;Pas de correspondance;Pas de correspondance;Paris;11;;;
48.8555509402;2.32571242217;12;252;Metro;RUE DU BAC;2389323;2304665;916367;12;Pas de correspondance;Pas de correspondance;Pas de correspondance;Pas de correspondance;Paris;7;;;
48.8875736186;2.17257944908;RER A;14;RER;RUEIL-MALMAISON;7052357;7275192;3408182;RER A;Pas de correspondance;Pas de correspondance;Pas de correspondance;Pas de correspondance;Rueil-Malmaison;;;;
48.8610192599;2.37473343128;9;171;Metro;SAINT-AMBROISE;3037654;2977955;1544174;9;Pas de correspondance;Pas de correspondance;Pas de correspondance;Pas de correspondance;Paris;11;;;
48.8745583847;2.3213619281;9;168;Metro;SAINT-AUGUSTIN;3853378;3052723;1563979;9;Pas de correspondance;Pas de correspondance;Pas de correspondance;Pas de correspondance;Paris;8;;;
48.9299358897;2.35603579417;13;105;Metro;SAINT-DENIS-PORTE DE PARIS;4503548;4032072;2236506;13;Pas de correspondance;Pas de correspondance;Pas de correspondance;Pas de correspondance;Saint Denis;;;;
48.9458456578;2.36454176349;13;72;Metro;SAINT-DENIS-UNIVERSITE;4993498;4770181;2626602;13;Pas de correspondance;Pas de correspondance;Pas de correspondance;Pas de correspondance;Saint Denis;;;;
48.8721014421;2.40451494238;3bis;295;Metro;SAINT-FARGEAU;737146;716699;339164;3bis;Pas de correspondance;Pas de correspondance;Pas de correspondance;Pas de correspondance;Paris;8;;;
48.8514417056;2.3144081215;13;266;Metro;SAINT-FRANCOIS-XAVIER;1756612;1701996;812792;13;Pas de correspondance;Pas de correspondance;Pas de correspondance;Pas de correspondance;Paris;7;;;
48.8784252576;2.33759508282;12;289;Metro;SAINT-GEORGES;1258381;1135274;523670;12;Pas de correspondance;Pas de correspondance;Pas de correspondance;Pas de correspondance;Paris;9;;;
48.853718934;2.33377613686;4;144;Metro;SAINT-GERMAIN DES PRES;4191939;3866889;1712923;4;Pas de correspondance;Pas de correspondance;Pas de correspondance;Pas de correspondance;Paris;6;;;
48.8980764111;2.0948366283;RER A;20;RER;SAINT-GERMAIN-EN-LAYE;4908355;4826408;2644464;RER A;Pas de correspondance;Pas de correspondance;Pas de correspondance;Pas de correspondance;Saint-Germain-en-Laye;;;;
48.8329008165;2.33713519061;6;257;Metro;SAINT-JACQUES;2324865;1954772;900155;6;Pas de correspondance;Pas de correspondance;Pas de correspondance;Pas de correspondance;Paris;13;;;
48.8750063981;2.32457481029;"3;9;12;13";1;Metro;SAINT-LAZARE;46679970;46923920;26904975;3;9;12;13;14;Paris;8;;;
48.8463569889;2.41947990037;1;42;Metro;SAINT-MANDE-TOURELLE;6314385;6245865;3487584;1;Pas de correspondance;Pas de correspondance;Pas de correspondance;Pas de correspondance;Saint Mande;;;;
48.838427297;2.3609671677;5;212;Metro;SAINT-MARCEL;2286932;2131369;1211679;5;Pas de correspondance;Pas de correspondance;Pas de correspondance;Pas de correspondance;Paris;13;;;
48.8640865748;2.38079798618;3;195;Metro;SAINT-MAUR;3065770;2924501;1331250;3;Pas de correspondance;Pas de correspondance;Pas de correspondance;Pas de correspondance;Paris;11;;;
48.8062000248;2.4727204038;RER A;29;RER;SAINT-MAUR-CRETEIL;3592853;3632233;2151064;RER A;Pas de correspondance;Pas de correspondance;Pas de correspondance;Pas de correspondance;Saint-Maur des Fosses;;;;
48.8531679849;2.34328597892;4;85;Metro;SAINT-MICHEL;6713126;6286034;2481981;4;Pas de correspondance;Pas de correspondance;Pas de correspondance;Pas de correspondance;Paris;5;;;
48.8533357965;2.34603498444;RER B;19;RER;SAINT-MICHEL-NOTRE-DAME;7247647;6226365;2716148;RER B;Pas de correspondance;Pas de correspondance;Pas de correspondance;Pas de correspondance;Paris;;;;
48.8552362528;2.36095648866;1;45;Metro;SAINT-PAUL;6443129;6502842;3357660;1;Pas de correspondance;Pas de correspondance;Pas de correspondance;Pas de correspondance;Paris;4;;;
48.8724223837;2.31003834462;9;193;Metro;SAINT-PHILIPPE-DU-ROULE;3076501;3187997;1353374;9;Pas de correspondance;Pas de correspondance;Pas de correspondance;Pas de correspondance;Paris;8;;;
48.846878238;2.32679278504;4;153;Metro;SAINT-PLACIDE;3376988;3304968;1673383;4;Pas de correspondance;Pas de correspondance;Pas de correspondance;Pas de correspondance;Paris;6;;;
48.702751043;2.07124284902;RER B;55;RER;SAINT-REMY-LES-CHEVREUSE;915757;899484;446253;RER B;Pas de correspondance;Pas de correspondance;Pas de correspondance;Pas de correspondance;Saint-Remy-les-Chevreuse;;;;
48.8611688655;2.36721086641;8;265;Metro;SAINT-SEBASTIEN-FROISSART;1731645;1685816;816381;8;Pas de correspondance;Pas de correspondance;Pas de correspondance;Pas de correspondance;Paris;3;;;
48.8516722456;2.33125629137;4;218;Metro;SAINT-SULPICE;2350813;2287634;1196573;4;Pas de correspondance;Pas de correspondance;Pas de correspondance;Pas de correspondance;Paris;6;;;
48.7813567204;2.29764767917;RER B;60;RER;SCEAUX;756148;732895;358354;RER B;Pas de correspondance;Pas de correspondance;Pas de correspondance;Pas de correspondance;sceaux;;;;
48.8470661332;2.30740224062;10;268;Metro;SEGUR;1605135;1669348;804110;10;Pas de correspondance;Pas de correspondance;Pas de correspondance;Pas de correspondance;Paris;15;;;
48.867309475;2.34751621328;3;161;Metro;SENTIER;3507732;3420249;1601006;3;Pas de correspondance;Pas de correspondance;Pas de correspondance;Pas de correspondance;Paris;3;;;
48.8511923493;2.32648847397;"10;12";90;Metro;SEVRES-BABYLONE;5430593;5037509;2441636;10;12;Pas de correspondance;Pas de correspondance;Pas de correspondance;Paris;7;;;
48.8456269667;2.3095314901;6;251;Metro;SEVRES-LECOURBE;2431794;1957206;923347;6;Pas de correspondance;Pas de correspondance;Pas de correspondance;Pas de correspondance;Paris;15;;;
48.893941388;2.34776550172;4;164;Metro;SIMPLON;2756818;2366858;1576778;4;Pas de correspondance;Pas de correspondance;Pas de correspondance;Pas de correspondance;Paris;18;;;
48.8585111299;2.32315485584;12;250;Metro;SOLFERINO;2130716;2073832;923536;12;Pas de correspondance;Pas de correspondance;Pas de correspondance;Pas de correspondance;Paris;7;;;
48.8842789443;2.36588135817;"2;5;7";46;Metro;STALINGRAD;7342659;6891050;3336898;2;5;7;Pas de correspondance;Pas de correspondance;Paris;19;;;
48.8692241717;2.3546037907;"4;8;9";26;Metro;STRASBOURG-SAINT-DENIS;9258372;9524965;4275630;4;8;9;Pas de correspondance;Pas de correspondance;Paris;2;;;
48.7717079061;2.50748264572;RER A;40;RER;SUCY-BONNEUIL;2540004;2602931;1546784;RER A;Pas de correspondance;Pas de correspondance;Pas de correspondance;Pas de correspondance;Sucy-en-Brie;;;;
48.8512376804;2.361985141;7;273;Metro;SULLY-MORLAND;1550640;1502672;767233;7;Pas de correspondance;Pas de correspondance;Pas de correspondance;Pas de correspondance;Paris;4;;;
48.8754744567;2.3988675939;11;220;Metro;TELEGRAPHE;2425536;1823734;1194040;11;Pas de correspondance;Pas de correspondance;Pas de correspondance;Pas de correspondance;Paris;20;;;
48.8666826802;2.36154153207;3;277;Metro;TEMPLE;1258217;1194283;731355;3;Pas de correspondance;Pas de correspondance;Pas de correspondance;Pas de correspondance;Paris;2;;;
48.8779727014;2.29831037512;2;146;Metro;TERNES;3627447;3329214;1703632;2;Pas de correspondance;Pas de correspondance;Pas de correspondance;Pas de correspondance;Paris;17;;;
48.8264260109;2.35724565076;7;178;Metro;TOLBIAC;3451768;3191066;1496862;7;Pas de correspondance;Pas de correspondance;Pas de correspondance;Pas de correspondance;Paris;13;;;
48.8396455173;2.65513008664;RER A;22;RER;TORCY;4242369;4223220;2448031;RER A;Pas de correspondance;Pas de correspondance;Pas de correspondance;Pas de correspondance;Torcy;;;;
48.8763179623;2.3325430273;12;274;Metro;TRINITE-D'ESTIENNE D'ORVES;2133878;1876512;757661;12;Pas de correspondance;Pas de correspondance;Pas de correspondance;Pas de correspondance;Paris;9;;;
48.8630650202;2.28624317069;"6;9";38;Metro;TROCADERO;9381362;9327124;3618422;6;9;Pas de correspondance;Pas de correspondance;Pas de correspondance;Paris;16;;;
48.8643437787;2.33012987711;1;205;Metro;TUILERIES;2682811;2614837;1239066;1;Pas de correspondance;Pas de correspondance;Pas de correspondance;Pas de correspondance;Paris;1;;;
48.8537955765;2.48818757518;RER A;6;RER;VAL DE FONTENAY;14052186;14295323;7985198;RER A;Pas de correspondance;Pas de correspondance;Pas de correspondance;Pas de correspondance;Fontenay-sous-Bois;;;;
48.855394809;2.77343391788;RER A;17;RER;VAL D'EUROPE;5137706;4656709;2816459;RER A;Pas de correspondance;Pas de correspondance;Pas de correspondance;Pas de correspondance;Serris;;;;
48.8488163725;2.32125786291;10;288;Metro;VANEAU;1067512;1028480;524526;10;Pas de correspondance;Pas de correspondance;Pas de correspondance;Pas de correspondance;Paris;7;;;
48.8568713792;2.31505663732;13;286;Metro;VARENNE;1410421;1241311;559530;13;Pas de correspondance;Pas de correspondance;Pas de correspondance;Pas de correspondance;Paris;7;;;
48.8395165854;2.30110751488;12;145;Metro;VAUGIRARD;3663937;3445009;1709593;12;Pas de correspondance;Pas de correspondance;Pas de correspondance;Pas de correspondance;Paris;15;;;
48.8422184136;2.32900892624;4;241;Metro;VAVIN;2182742;2021987;1009201;4;Pas de correspondance;Pas de correspondance;Pas de correspondance;Pas de correspondance;Paris;14;;;
48.8697985565;2.28533509469;2;122;Metro;VICTOR HUGO;4005276;3841033;1991304;2;Pas de correspondance;Pas de correspondance;Pas de correspondance;Pas de correspondance;Paris;16;;;
48.8046881209;2.3639531966;7;175;Metro;VILLEJUIF-LEO LAGRANGE;2799771;2830893;1500000;7;Pas de correspondance;Pas de correspondance;Pas de correspondance;Pas de correspondance;Villejuif;;;;
48.7875627921;2.36780410698;7;28;Metro;VILLEJUIF-LOUIS ARAGON;7479307;7198931;4029467;7;Pas de correspondance;Pas de correspondance;Pas de correspondance;Pas de correspondance;Villejuif;;;;
48.7964830828;2.36826954143;7;189;Metro;VILLEJUIF-PAUL VAILLANT-COUTURIER;2470026;2449391;1382850;7;Pas de correspondance;Pas de correspondance;Pas de correspondance;Pas de correspondance;Villejuif;;;;
48.8811500285;2.31517662622;"2;3";104;Metro;VILLIERS;6237308;5667552;2244643;2;3;Pas de correspondance;Pas de correspondance;Pas de correspondance;Paris;17;;;
48.8473083595;2.43329971764;RER A;9;RER;VINCENNES;6980574;7932117;4480985;RER A;Pas de correspondance;Pas de correspondance;Pas de correspondance;Pas de correspondance;Vincennes;;;;
48.8415055224;2.30794867934;12;232;Metro;VOLONTAIRES;2342480;2362771;1111705;12;Pas de correspondance;Pas de correspondance;Pas de correspondance;Pas de correspondance;Paris;15;;;
48.8574537227;2.38071878586;9;81;Metro;VOLTAIRE;5195333;4975145;2572383;9;Pas de correspondance;Pas de correspondance;Pas de correspondance;Pas de correspondance;Paris;11;;;
48.8838092012;2.30467444053;3;207;Metro;WAGRAM;2565333;2386255;1231276;3;Pas de correspondance;Pas de correspondance;Pas de correspondance;Pas de correspondance;Paris;17;;;
